path/reftime,path/ref,path/kind,path/collection,path/key,value/stats/rmsAll,value/stats/eda,value/stats/rmsLimb,value/timestamp,value/RR_LA/y,value/RR_LA/tempSkin,value/RR_LA/id,value/RR_LA/timestamp,value/RR_LA/z,value/RR_LA/tempAmb,value/RR_LA/eda,value/RR_LA/x,value/RR_LA/rms,value/accel/x,value/accel/z,value/accel/y,value/accel/timestamp,value/accel/rms,value/battery,value/device_id,value/audio/peak,value/audio/filtered,value/audio/average,value/audio/timestamp,value/RR_RL/y,value/RR_RL/tempSkin,value/RR_RL/id,value/RR_RL/timestamp,value/RR_RL/z,value/RR_RL/tempAmb,value/RR_RL/eda,value/RR_RL/x,value/RR_RL/rms,value/RR_LL/y,value/RR_LL/tempSkin,value/RR_LL/id,value/RR_LL/timestamp,value/RR_LL/z,value/RR_LL/tempAmb,value/RR_LL/eda,value/RR_LL/x,value/RR_LL/rms,value/RR_RA/y,value/RR_RA/tempSkin,value/RR_RA/id,value/RR_RA/timestamp,value/RR_RA/z,value/RR_RA/tempAmb,value/RR_RA/eda,value/RR_RA/x,value/RR_RA/rms,reftime,value/location/velocity,value/location/distance,value/location/lon,value/location/timestamp,value/location/accuracy,value/location/lat,value/heartrate/hr,value/heartrate/id,value/heartrate/timestamp,value/heartrate/hrv1,value/heartrate/hrv2
1443223685206,e8cb2120009f954b,item,IP6_BEACON_20,1443223684664,0.5833244984263186,0.7462250789818228,0.5842724970124668,1443223684.663954,0.03125,12.27401,LWBAND-39EC,1443223684.613441,1,22,0.7493802625228936,0,0.5776321097088238,-0.0031890869140625,-1.003677368164062,-0.01397705078125,1443223684.614978,0.5795325040817261,100,IP6_BEACON_20,117.3229064941406,-0.8890228271484375,105.7869338989258,1443223684.656321,-0.03125,12.894,LWBAND-42E2,1443223684.570866,1.03125,23,0.7489694180807209,0,0.5956657689789915,0,11.73117,LWBAND-3D1E,1443223684.57724,1,22,0.7461060724081021,-0.015625,0.577420742216338,0,9.867455,LWBAND-408D,1443223684.650153,1.015625,23,0.7404445629155745,0,0.5863713671457137,1443223685206,,,,,,,,,,,
1443223685210,82798e6f60dee77d,item,IP6_BEACON_20,1443223684665,0.5955291327186829,0.7424566405321928,0.5955291327186829,1443223684.664951,,,,,,,,,,,,,,,100,IP6_BEACON_20,,,,,-0.015625,13.43613,LWBAND-42E2,1443223684.655889,1.03125,23,0.7424566405321928,-0.015625,0.5955291327186829,,,,,,,,,,,,,,,,,,,1443223685210,,,,,,,,,,,
1443223685213,d954e9cd939441bb,item,IP6_BEACON_20,1443223684764,0.5852723237251909,0.7408635973377931,0.5865112240582296,1443223684.76398,0.015625,12.58407,LWBAND-39EC,1443223684.704294,1,22,0.7448856153649045,-0.03125,0.5777025483542547,-0.0016632080078125,-1.005035400390625,-0.0142669677734375,1443223684.732443,0.5803167223930359,100,IP6_BEACON_20,115.6510696411133,-2.506721496582031,104.0740356445312,1443223684.756175,0,13.43613,LWBAND-42E2,1443223684.745926,1.03125,23,0.7428603689936024,-0.015625,0.5954608028311631,0,12.58407,LWBAND-3D1E,1443223684.670819,1.03125,22,0.7404445629155745,-0.015625,0.5954608028311631,0,10.56681,LWBAND-408D,1443223684.739676,1,23,0.735263842077091,0.015625,0.577420742216338,1443223685213,,,,,,,,,,,
1443223685216,c3110d84bf32fbbb,item,IP6_BEACON_20,1443223684765,0.5863713671457137,0.7404445629155745,0.5863713671457137,1443223684.764867,,,,,,,,,,,,,,,100,IP6_BEACON_20,,,,,,,,,,,,,,0,12.73904,LWBAND-3D1E,1443223684.758295,1.015625,22,0.7404445629155745,0,0.5863713671457137,,,,,,,,,,1443223685216,,,,,,,,,,,
1443223685218,50de95b91ce2783f,item,IP6_BEACON_20,1443223684864,0.5728958387575207,0.7402726995993167,0.5684365539851275,1443223684.864206,0.015625,12.58407,LWBAND-39EC,1443223684.79343,0.984375,22,0.7448856153649045,-0.015625,0.5684723452303257,-0.001861572265625,-1.00762939453125,-0.0142669677734375,1443223684.849966,0.5818144083023071,100,IP6_BEACON_20,113.4219512939453,-4.583183288574219,104.0591278076172,1443223684.855775,,,,,,,,,,,,,,,,,,,-0.015625,10.48914,LWBAND-408D,1443223684.831981,0.984375,23,0.7356597838337291,0,0.5684007627399292,1443223685218,,,,,,,,,,,
1443223685223,7ce27be9fc16b76a,item,IP6_BEACON_20,1443223684964,0.5781761732992866,0.7458176766448983,0.5775440592687997,1443223684.964028,0.015625,12.35154,LWBAND-39EC,1443223684.91358,1,22,0.7489694180807209,-0.015625,0.5774912066430102,-0.0027008056640625,-1.005706787109375,-0.0141448974609375,1443223684.96747,0.5807046294212341,100,IP6_BEACON_20,113.619384765625,-4.106643676757812,110.3426284790039,1443223684.955867,-0.015625,12.81653,LWBAND-42E2,1443223684.870928,1,23,0.7485590238790328,-0.03125,0.5777025483542547,-0.015625,11.6536,LWBAND-3D1E,1443223684.877083,1.015625,22,0.7456988092681414,-0.015625,0.5865101368476081,0.015625,9.789717,LWBAND-408D,1443223684.950011,0.984375,23,0.7400434553516982,-0.015625,0.5684723452303257,1443223685223,,,,,,,,,,,
1443223685225,d0b30aa0501d9257,item,IP6_BEACON_20,1443223684965,0.5867182298599558,0.7424566405321928,0.5867182298599558,1443223684.964905,,,,,,,,,,,,,,,100,IP6_BEACON_20,,,,,-0.015625,13.3587,LWBAND-42E2,1443223684.956722,1.015625,23,0.7424566405321928,-0.03125,0.5867182298599558,,,,,,,,,,,,,,,,,,,1443223685225,,,,,,,,,,,
1443223686149,12267eb9c2f9ff07,item,IP6_BEACON_20,1443223685103,0.5833618867677938,0.7410655767717307,0.5842031374924495,1443223685.103419,0.015625,12.66156,LWBAND-39EC,1443223685.003396,0.984375,22,0.7452919904960366,-0.015625,0.5684723452303257,-0.00103759765625,-1.004470825195312,-0.015045166015625,1443223685.084994,0.5799968838691711,100,IP6_BEACON_20,113.619384765625,-3.856552124023438,107.8900604248047,1443223685.058095,-0.015625,13.66837,LWBAND-42E2,1443223685.048007,1.03125,23,0.7428603689936024,-0.015625,0.5955291327186829,0,12.58407,LWBAND-3D1E,1443223684.969389,1.03125,22,0.7408461055201925,-0.015625,0.5954608028311631,0,10.48914,LWBAND-408D,1443223685.042622,1,23,0.735263842077091,0,0.5773502691896257,1443223686149,0,0,-71.07504489838246,1443223685.046261,30,42.36778824128431,,,,,
1443223686152,5d54a276ef1da1b4,item,IP6_BEACON_20,1443223685107,0.5955291327186829,0.7404445629155745,0.5955291327186829,1443223685.107167,,,,,,,,,,,,,,,100,IP6_BEACON_20,,,,,,,,,,,,,,0.015625,12.66156,LWBAND-3D1E,1443223685.101583,1.03125,22,0.7404445629155745,-0.015625,0.5955291327186829,,,,,,,,,,1443223686152,,,,,,,,,,,
1443223686157,3f22c72435e536a9,item,IP6_BEACON_20,1443223685166,0.5778719904292081,0.7392791265234699,0.5775264087719403,1443223685.165986,0.03125,12.66156,LWBAND-39EC,1443223685.126273,1,22,0.7444796831494468,-0.015625,0.5777025483542547,-0.0003204345703125,-1.001983642578125,-0.01531982421875,1443223685.202499,0.5785631537437439,100,IP6_BEACON_20,113.8535003662109,-3.387580871582031,106.2633666992188,1443223685.159266,,,,,,,,,,,,,,,,,,,0,10.56681,LWBAND-408D,1443223685.147147,1,23,0.7340785698974932,0,0.5773502691896257,1443223686157,,,,,,,,,,,
1443223686163,647ebf64cf9f4e55,item,IP6_BEACON_20,1443223685264,0.5774912066430102,0.7428603689936024,0.5774912066430102,1443223685.264297,,,,,,,,,,,,,,,100,IP6_BEACON_20,,,,,-0.015625,13.43613,LWBAND-42E2,1443223685.256211,1,23,0.7428603689936024,-0.015625,0.5774912066430102,,,,,,,,,,,,,,,,,,,1443223686163,,,,,,,,,,,
1443223686165,10074e64e576ac2e,item,IP6_BEACON_20,1443223685364,0.5760691660913521,0.7411685600760841,0.5751481376926966,1443223685.364088,0,12.50656,LWBAND-39EC,1443223685.303666,0.984375,22,0.7448856153649045,-0.015625,0.5684007627399292,-0.00201416015625,-1.0040283203125,-0.016265869140625,1443223685.319977,0.5797532796859741,100,IP6_BEACON_20,115.2405548095703,-1.684959411621094,109.0501556396484,1443223685.355515,-0.015625,13.3587,LWBAND-42E2,1443223685.346023,1.015625,23,0.7440741931259449,0,0.586440756101302,0,12.58407,LWBAND-3D1E,1443223685.268239,1,22,0.7408461055201925,0,0.5773502691896257,-0.015625,10.48914,LWBAND-408D,1443223685.339622,0.984375,23,0.7348683262932947,0,0.5684007627399292,1443223686165,,,,,,,,,,,
1443223686170,30e8584c4c98309b,item,IP6_BEACON_20,1443223685365,0.5953924651018015,0.7408461055201925,0.5953924651018015,1443223685.364967,,,,,,,,,,,,,,,100,IP6_BEACON_20,,,,,,,,,,,,,,0,12.58407,LWBAND-3D1E,1443223685.358523,1.03125,22,0.7408461055201925,0,0.5953924651018015,,,,,,,,,,1443223686170,,,,,,,,,,,
1443223686186,b3675c0fbb1f4d6f,item,IP6_BEACON_20,1443223685464,0.5781664175061837,0.739071190183772,0.5775264087719403,1443223685.464087,0.03125,12.58407,LWBAND-39EC,1443223685.393414,1,22,0.7436691445722564,-0.015625,0.5777025483542547,-0.0047760009765625,-1.003509521484375,-0.0148468017578125,1443223685.437483,0.5794464349746704,100,IP6_BEACON_20,115.2405548095703,-1.582344055175781,106.940315246582,1443223685.455775,,,,,,,,,,,,,,,,,,,0,10.56681,LWBAND-408D,1443223685.429908,1,23,0.7344732357952876,0,0.5773502691896257,1443223686186,,,,,,,76,25,1443223685.443462,808,
1443223686189,270dbec8f275995e,item,IP6_BEACON_20,1443223685566,0.5867046098995848,0.7461232631968326,0.58878409627684,1443223685.566039,0.03125,12.35154,LWBAND-39EC,1443223685.513347,1,22,0.7493802625228936,-0.015625,0.5777025483542547,-0.004852294921875,-1.001678466796875,-0.014495849609375,1443223685.555019,0.578386664390564,100,IP6_BEACON_20,115.2405548095703,-1.485984802246094,106.1096343994141,1443223685.555924,-0.015625,12.81653,LWBAND-42E2,1443223685.470348,1.015625,23,0.7489694180807209,-0.015625,0.5865101368476081,0,11.73117,LWBAND-3D1E,1443223685.477278,1.046875,22,0.7456988092681414,0,0.6044135630578894,-0.015625,9.945186,LWBAND-408D,1443223685.549953,1.015625,23,0.7404445629155745,-0.015625,0.5865101368476081,1443223686189,,,,,,,,,,,
1443223686192,1d598bc077f6d573,item,IP6_BEACON_20,1443223685567,0.5954608028311631,0.7436691445722564,0.5954608028311631,1443223685.56748,,,,,,,,,,,,,,,100,IP6_BEACON_20,,,,,0,13.3587,LWBAND-42E2,1443223685.556521,1.03125,23,0.7436691445722564,-0.015625,0.5954608028311631,,,,,,,,,,,,,,,,,,,1443223686192,,,,,,,,,,,
1443223686193,bfd85b9ff85aa997,item,IP6_BEACON_20,1443223685664,0.5782535507025415,0.7410697960703543,0.5774207653778411,1443223685.66426,0.015625,12.58407,LWBAND-39EC,1443223685.607113,0.984375,22,0.7456988092681414,-0.015625,0.5684723452303257,-0.000762939453125,-1.007232666015625,-0.0142822265625,1443223685.672536,0.5815846920013428,100,IP6_BEACON_20,120.7530212402344,4.116973876953125,107.5845489501953,1443223685.655722,0,13.3587,LWBAND-42E2,1443223685.645926,1.03125,23,0.7424566405321928,-0.015625,0.5954608028311631,-0.015625,12.58407,LWBAND-3D1E,1443223685.573846,1,22,0.7416504986857954,0,0.577420742216338,0,10.56681,LWBAND-408D,1443223685.639865,0.984375,23,0.7344732357952876,0,0.5683291712335379,1443223686193,,,,,,,,,,,
1443223686199,3d9571521dd7f3b8,item,IP6_BEACON_20,1443223685665,0.6045481913172844,0.7404445629155745,0.6045481913172844,1443223685.665343,,,,,,,,,,,,,,,100,IP6_BEACON_20,,,,,,,,,,,,,,-0.015625,12.58407,LWBAND-3D1E,1443223685.658729,1.046875,22,0.7404445629155745,-0.015625,0.6045481913172844,,,,,,,,,,1443223686199,,,,,,,,,,,
1443223686201,969865972a4307c8,item,IP6_BEACON_20,1443223685764,0.578191255298936,0.7390763815117191,0.5775237005467468,1443223685.764083,0.03125,12.58407,LWBAND-39EC,1443223685.693404,1.015625,22,0.7440741931259449,-0.015625,0.5867182298599558,0.000457763671875,-1.003662109375,-0.0146484375,1443223685.790048,0.5795263648033142,100,IP6_BEACON_20,120.7530212402344,3.866256713867188,106.4895477294922,1443223685.755622,,,,,,,,,,,,,,,,,,,0,10.64448,LWBAND-408D,1443223685.730904,0.984375,23,0.7340785698974932,0,0.5683291712335379,1443223686201,,,,,,,,,,,
1443223686204,9a53a2b302456c4f,item,IP6_BEACON_20,1443223685865,0.5812544575233646,0.7460232116114408,0.5819651771211857,1443223685.86507,0.015625,12.35154,LWBAND-39EC,1443223685.813538,0.984375,22,0.7497915579468908,0,0.5684007627399292,0.00140380859375,-1.001724243164062,-0.015045166015625,1443223685.907534,0.5784115791320801,100,IP6_BEACON_20,120.7530212402344,3.630805969238281,109.2610321044922,1443223685.853076,0,12.81653,LWBAND-42E2,1443223685.768264,1.03125,23,0.7485590238790328,-0.015625,0.5954608028311631,0,11.73117,LWBAND-3D1E,1443223685.777312,1.015625,22,0.7456988092681414,-0.03125,0.5866488737240247,0,9.867455,LWBAND-408D,1443223685.8498,1,23,0.7400434553516982,0,0.5773502691896257,1443223686204,,,,,,,,,,,
1443223686205,cda95bb960860041,item,IP6_BEACON_20,1443223685866,0.586440756101302,0.7428603689936024,0.586440756101302,1443223685.865968,,,,,,,,,,,,,,,100,IP6_BEACON_20,,,,,-0.015625,13.3587,LWBAND-42E2,1443223685.85629,1.015625,23,0.7428603689936024,0,0.586440756101302,,,,,,,,,,,,,,,,,,,1443223686205,,,,,,,,,,,
1443223686208,9d061a1fbece1c58,item,IP6_BEACON_20,1443223685964,0.5865635916377616,0.740764718391844,0.5865635916377616,1443223685.964256,0.03125,12.58407,LWBAND-39EC,1443223685.903775,0.984375,22,0.7448856153649045,-0.015625,0.5686870386395901,,,,,,100,IP6_BEACON_20,120.7530212402344,3.409698486328125,109.5589752197266,1443223685.955444,-0.03125,13.3587,LWBAND-42E2,1443223685.94691,1.03125,23,0.7428603689936024,0,0.5956657689789915,-0.015625,12.58407,LWBAND-3D1E,1443223685.870479,1.03125,22,0.7404445629155745,0,0.5954608028311631,-0.015625,10.56681,LWBAND-408D,1443223685.939818,1.015625,23,0.7348683262932947,0,0.586440756101302,1443223686208,,,,,,,,,,,
1443223686210,6e67d5706559203f,item,IP6_BEACON_20,1443223685965,0.5954608028311631,0.7400434553516982,0.5954608028311631,1443223685.965221,,,,,,,,,,,,,,,100,IP6_BEACON_20,,,,,,,,,,,,,,0,12.66156,LWBAND-3D1E,1443223685.958257,1.03125,22,0.7400434553516982,-0.015625,0.5954608028311631,,,,,,,,,,1443223686210,,,,,,,,,,,
1443223687131,50ac86f99f03a44c,item,IP6_BEACON_20,1443223686074,0.5754159999322678,0.7429094239885451,0.5744629916127239,1443223686.073584,0.03125,12.58407,LWBAND-39EC,1443223685.993321,0.96875,22,0.7444796831494468,0,0.5595990007734706,-0.0003204345703125,-1.00146484375,-0.0165557861328125,1443223686.025069,0.5782750248908997,100,IP6_BEACON_20,120.7530212402344,3.202049255371094,107.5554504394531,1443223686.055805,-0.015625,12.81653,LWBAND-42E2,1443223686.071322,1.03125,23,0.7493802625228936,0,0.5954608028311631,,,,,,,,,,0,10.64448,LWBAND-408D,1443223686.03008,0.984375,23,0.7348683262932947,0,0.5683291712335379,1443223687131,0,0,-71.07504489838246,1443223686.042962,30,42.36778824128431,,,,,
1443223687134,51194af40d4b8d1e,item,IP6_BEACON_20,1443223686163,0.5831234107763709,0.744292061850671,0.5841857505777405,1443223686.163394,0.015625,12.35154,LWBAND-39EC,1443223686.11355,1.015625,22,0.7485590238790328,-0.015625,0.5865101368476081,0.0001220703125,-1.002532958984375,-0.0146026611328125,1443223686.142593,0.5788740515708923,100,IP6_BEACON_20,120.7530212402344,3.007049560546875,107.1160888671875,1443223686.158836,0,13.3587,LWBAND-42E2,1443223686.156053,1.015625,23,0.7428603689936024,-0.015625,0.586440756101302,0,11.73117,LWBAND-3D1E,1443223686.078374,1.015625,22,0.7461060724081021,0,0.5863713671457137,0,9.867455,LWBAND-408D,1443223686.149723,1,23,0.7396427821219463,0.015625,0.577420742216338,1443223687134,,,,,,,,,,,
1443223687139,0883ae21d22d7e0d,item,IP6_BEACON_20,1443223686264,0.5832479901120415,0.7406611821685763,0.5843063974138785,1443223686.264177,0.03125,12.66156,LWBAND-39EC,1443223686.203419,1.015625,22,0.7444796831494468,-0.015625,0.5867182298599558,0.0010986328125,-1.00274658203125,-0.0164642333984375,1443223686.260108,0.5790143609046936,100,IP6_BEACON_20,120.7530212402344,2.823921203613281,105.3925094604492,1443223686.255797,0,13.43613,LWBAND-42E2,1443223686.246999,1.03125,23,0.7424566405321928,0,0.5953924651018015,-0.03125,12.58407,LWBAND-3D1E,1443223686.170213,1.03125,22,0.7404445629155745,-0.015625,0.5957340753571737,0.015625,10.56681,LWBAND-408D,1443223686.240687,0.96875,23,0.735263842077091,0,0.5593808193365828,1443223687139,,,,,,,,,,,
1443223687140,c60816d64969ef7f,item,IP6_BEACON_20,1443223686266,0.5865101368476081,0.7404445629155745,0.5865101368476081,1443223686.265671,,,,,,,,,,,,,,,100,IP6_BEACON_20,,,,,,,,,,,,,,-0.015625,12.66156,LWBAND-3D1E,1443223686.25803,1.015625,22,0.7404445629155745,-0.015625,0.5865101368476081,,,,,,,,,,1443223687140,,,,,,,,,,,
1443223687143,3d132334b4f94061,item,IP6_BEACON_20,1443223686363,0.5810634050195556,0.7400747287209977,0.5819654395319731,1443223686.362815,0.015625,12.58407,LWBAND-39EC,1443223686.293609,1.015625,22,0.7448856153649045,-0.015625,0.5865101368476081,-0.001708984375,-1.003143310546875,-0.0180206298828125,1443223686.377617,0.5792593359947205,100,IP6_BEACON_20,120.7530212402344,2.651947021484375,109.6247711181641,1443223686.355771,,,,,,,,,,,,,,,,,,,-0.015625,10.56681,LWBAND-408D,1443223686.336821,1,23,0.735263842077091,0,0.577420742216338,1443223687143,,,,,,,,,,,
1443223687146,2800422cc734fc0e,item,IP6_BEACON_20,1443223686464,0.5829888593386766,0.7456134857766423,0.584289328658476,1443223686.463956,0.03125,12.35154,LWBAND-39EC,1443223686.413733,1.015625,22,0.7489694180807209,-0.015625,0.5867182298599558,-0.00048828125,-1.000625610351562,-0.01617431640625,1443223686.495121,0.5777869820594788,100,IP6_BEACON_20,120.7530212402344,2.490447998046875,108.7909088134766,1443223686.45597,-0.015625,12.81653,LWBAND-42E2,1443223686.369334,1.03125,23,0.7481490791781134,-0.015625,0.5955291327186829,-0.015625,11.73117,LWBAND-3D1E,1443223686.377419,1.03125,22,0.7452919904960366,-0.015625,0.5955291327186829,-0.015625,10.48914,LWBAND-408D,1443223686.450248,0.96875,23,0.7400434553516982,0,0.5593808193365828,1443223687146,,,,,,,75,25,1443223686.433506,819,819
1443223687147,d7f5f4a49a4f8718,item,IP6_BEACON_20,1443223686465,0.5773502691896257,0.7428603689936024,0.5773502691896257,1443223686.46489,,,,,,,,,,,,,,,100,IP6_BEACON_20,,,,,0,13.3587,LWBAND-42E2,1443223686.456472,1,23,0.7428603689936024,0,0.5773502691896257,,,,,,,,,,,,,,,,,,,1443223687147,,,,,,,,,,,
1443223687152,3436e94e746a6bd4,item,IP6_BEACON_20,1443223686564,0.5774381023531934,0.7411620605326106,0.5774381023531934,1443223686.563633,0.015625,12.66156,LWBAND-39EC,1443223686.511058,0.984375,22,0.7448856153649045,-0.015625,0.5684723452303257,,,,,,100,IP6_BEACON_20,120.7530212402344,2.338783264160156,109.0551223754883,1443223686.557136,-0.015625,13.3587,LWBAND-42E2,1443223686.546486,1.015625,23,0.7428603689936024,-0.015625,0.5865101368476081,0.015625,12.66156,LWBAND-3D1E,1443223686.471076,1.015625,22,0.7408461055201925,0,0.586440756101302,0,11.11037,LWBAND-408D,1443223686.546037,0.984375,23,0.7360561522517429,0,0.5683291712335379,1443223687152,,,,,,,,,,,
1443223687154,11db2cbb8dbd6daf,item,IP6_BEACON_20,1443223686565,0.5865101368476081,0.7400434553516982,0.5865101368476081,1443223686.564613,,,,,,,,,,,,,,,100,IP6_BEACON_20,,,,,,,,,,,,,,-0.015625,12.58407,LWBAND-3D1E,1443223686.5577,1.015625,22,0.7400434553516982,-0.015625,0.5865101368476081,,,,,,,,,,1443223687154,,,,,,,,,,,
1443223687159,e3b06dbe33fb7e06,item,IP6_BEACON_20,1443223686664,0.5780843021738981,0.7394764594723672,0.5775264087719403,1443223686.663676,0.03125,12.58407,LWBAND-39EC,1443223686.593341,1,22,0.7444796831494468,-0.015625,0.5777025483542547,-0.0028076171875,-1.003097534179688,-0.01434326171875,1443223686.612624,0.5792000889778137,100,IP6_BEACON_20,120.4196548461914,1.862991333007812,108.9547805786133,1443223686.658147,,,,,,,,,,,,,,,,,,,0,11.188,LWBAND-408D,1443223686.629698,1,23,0.7344732357952876,0,0.5773502691896257,1443223687159,,,,,,,,,,,
1443223687162,9661d204cd0b4c2d,item,IP6_BEACON_20,1443223686763,0.58865012317213,0.7455133174692044,0.5911704946223966,1443223686.763042,0.015625,12.42905,LWBAND-39EC,1443223686.713512,1.03125,22,0.7489694180807209,-0.03125,0.5957340753571737,-0.002593994140625,-1.001983642578125,-0.015716552734375,1443223686.730126,0.5785686373710632,100,IP6_BEACON_20,120.4196548461914,1.749534606933594,109.2603530883789,1443223686.756378,-0.046875,12.81653,LWBAND-42E2,1443223686.668485,1.046875,23,0.7481490791781134,-0.015625,0.6050864048147725,0,11.6536,LWBAND-3D1E,1443223686.677938,1.015625,22,0.7452919904960366,-0.015625,0.586440756101302,-0.015625,10.48914,LWBAND-408D,1443223686.749791,1,23,0.7396427821219463,0,0.577420742216338,1443223687162,,,,,,,,,,,
1443223687164,b54cba91377ac983,item,IP6_BEACON_20,1443223686764,0.6047500775113633,0.7432645367678101,0.6047500775113633,1443223686.763991,,,,,,,,,,,,,,,100,IP6_BEACON_20,,,,,-0.03125,13.3587,LWBAND-42E2,1443223686.755837,1.046875,23,0.7432645367678101,-0.015625,0.6047500775113633,,,,,,,,,,,,,,,,,,,1443223687164,,,,,,,,,,,
1443223687167,96d8e44a4e36fc5d,item,IP6_BEACON_20,1443223686864,0.5825500858344268,0.7412666714719888,0.5841855124281882,1443223686.863526,0.015625,12.50656,LWBAND-39EC,1443223686.803508,0.984375,22,0.7448856153649045,0,0.5684007627399292,-0.002349853515625,-0.9975738525390625,-0.014068603515625,1443223686.847628,0.5760083794593811,100,IP6_BEACON_20,120.4196548461914,1.642990112304688,106.7502288818359,1443223686.855847,-0.015625,13.3587,LWBAND-42E2,1443223686.845928,1.015625,23,0.7436691445722564,-0.015625,0.5865101368476081,-0.015625,12.58407,LWBAND-3D1E,1443223686.768485,1.046875,22,0.7412480838737032,0,0.6044808809355898,0,11.11037,LWBAND-408D,1443223686.839921,1,23,0.735263842077091,0,0.5773502691896257,1443223687167,,,,,,,,,,,
1443223687171,6383508459bc7b05,item,IP6_BEACON_20,1443223686865,0.586440756101302,0.7404445629155745,0.586440756101302,1443223686.864631,,,,,,,,,,,,,,,100,IP6_BEACON_20,,,,,,,,,,,,,,0,12.66156,LWBAND-3D1E,1443223686.858432,1.015625,22,0.7404445629155745,-0.015625,0.586440756101302,,,,,,,,,,1443223687171,,,,,,,,,,,
1443223687172,5a93ccfbdcdafbe9,item,IP6_BEACON_20,1443223686964,0.5722409436474335,0.7396740047213708,0.5686507745638627,1443223686.963587,0.03125,12.58407,LWBAND-39EC,1443223686.893591,1,22,0.7444796831494468,-0.015625,0.5777025483542547,-0.0030975341796875,-1.003494262695312,-0.0132904052734375,1443223686.965153,0.5794212818145752,100,IP6_BEACON_20,120.4196548461914,1.542930603027344,108.0819625854492,1443223686.958475,,,,,,,,,,,,,,,,,,,-0.03125,11.188,LWBAND-408D,1443223686.929748,0.96875,23,0.7348683262932947,0,0.5595990007734706,1443223687172,,,,,,,,,,,
1443223688139,165708bd5833e637,item,IP6_BEACON_20,1443223687077,0.5831621377655404,0.7459203877554414,0.5842556765909663,1443223687.076954,0.015625,12.35154,LWBAND-39EC,1443223687.013745,1.03125,22,0.7493802625228936,-0.015625,0.5955291327186829,-0.0031280517578125,-1.002395629882812,-0.0134124755859375,1443223687.082656,0.5787879824638367,100,IP6_BEACON_20,120.4196548461914,1.448966979980469,109.7944259643555,1443223687.057402,-0.015625,12.81653,LWBAND-42E2,1443223686.970042,1,23,0.7485590238790328,-0.03125,0.5777025483542547,0,11.73117,LWBAND-3D1E,1443223686.977394,1,22,0.7456988092681414,0,0.5773502691896257,-0.015625,10.48914,LWBAND-408D,1443223687.049855,1.015625,23,0.7400434553516982,0,0.586440756101302,1443223688139,0,0,-71.07504489838246,1443223687.042132,30,42.36778824128431,,,,,
1443223688145,d0249c68e6221ac1,item,IP6_BEACON_20,1443223687078,0.6046827896026699,0.7440741931259449,0.6046827896026699,1443223687.078346,,,,,,,,,,,,,,,100,IP6_BEACON_20,,,,,-0.03125,13.3587,LWBAND-42E2,1443223687.058018,1.046875,23,0.7440741931259449,0,0.6046827896026699,,,,,,,,,,,,,,,,,,,1443223688145,,,,,,,,,,,
1443223688147,329725b88c086b58,item,IP6_BEACON_20,1443223687165,0.5848098631804273,0.741061651550291,0.5864760125807281,1443223687.164868,0.015625,12.58407,LWBAND-39EC,1443223687.103646,1,22,0.7444796831494468,-0.015625,0.5774912066430102,0.000274658203125,-1.00128173828125,-0.0138092041015625,1443223687.200194,0.5781452655792236,100,IP6_BEACON_20,120.4196548461914,1.360725402832031,108.6313781738281,1443223687.15309,0,13.3587,LWBAND-42E2,1443223687.146108,1.015625,23,0.7424566405321928,-0.015625,0.586440756101302,0,12.58407,LWBAND-3D1E,1443223687.084206,1.046875,22,0.7416504986857954,-0.015625,0.6044808809355898,-0.015625,11.11037,LWBAND-408D,1443223687.139917,1,23,0.7356597838337291,-0.015625,0.5774912066430102,1443223688147,,,,,,,,,,,
1443223688153,21184aecffa05282,item,IP6_BEACON_20,1443223687166,0.6044808809355898,0.7400434553516982,0.6044808809355898,1443223687.165769,,,,,,,,,,,,,,,100,IP6_BEACON_20,,,,,,,,,,,,,,0,12.58407,LWBAND-3D1E,1443223687.157257,1.046875,22,0.7400434553516982,-0.015625,0.6044808809355898,,,,,,,,,,1443223688153,,,,,,,,,,,
1443223688154,6e8fe560c27d2594,item,IP6_BEACON_20,1443223687264,0.5731611966218537,0.7400801583946657,0.5731611966218537,1443223687.26426,0.03125,12.66156,LWBAND-39EC,1443223687.193566,0.984375,22,0.7452919904960366,-0.03125,0.5689016510273693,,,,,,100,IP6_BEACON_20,120.4196548461914,1.277862548828125,107.0627288818359,1443223687.255801,,,,,,,,,,,,,,,,,,,0.015625,11.26561,LWBAND-408D,1443223687.230222,1,23,0.7348683262932947,0,0.577420742216338,1443223688154,,,,,,,,,,,
1443223688157,95e1803c3a707c77,item,IP6_BEACON_20,1443223687365,0.5829458107272519,0.7460225412212012,0.584202824746536,1443223687.364929,0.015625,12.35154,LWBAND-39EC,1443223687.314113,1.015625,22,0.7497915579468908,-0.015625,0.5865101368476081,-0.0013580322265625,-1.000885009765625,-0.0139312744140625,1443223687.31769,0.577917754650116,100,IP6_BEACON_20,120.4196548461914,1.200042724609375,112.0153198242188,1443223687.353132,-0.015625,12.81653,LWBAND-42E2,1443223687.270448,1.015625,23,0.7481490791781134,-0.015625,0.5865101368476081,0,11.6536,LWBAND-3D1E,1443223687.277117,1.015625,22,0.7461060724081021,-0.015625,0.586440756101302,0,10.48914,LWBAND-408D,1443223687.350049,1,23,0.7400434553516982,0,0.5773502691896257,1443223688157,,,,,,,,,,,
1443223688159,8d140bb5ccc1db86,item,IP6_BEACON_20,1443223687366,0.6045481913172844,0.7428603689936024,0.6045481913172844,1443223687.36607,,,,,,,,,,,,,,,100,IP6_BEACON_20,,,,,-0.015625,13.3587,LWBAND-42E2,1443223687.356022,1.046875,23,0.7428603689936024,-0.015625,0.6045481913172844,,,,,,,,,,,,,,,,,,,1443223688159,,,,,,,,,,,
1443223688164,d2cd55e9c3bbea75,item,IP6_BEACON_20,1443223687465,0.5868435475359811,0.7408616506616003,0.5887636061919795,1443223687.464557,0.015625,12.50656,LWBAND-39EC,1443223687.403691,1.015625,22,0.7448856153649045,-0.015625,0.5865101368476081,0.000152587890625,-1.00299072265625,-0.0173187255859375,1443223687.435211,0.5791633129119873,100,IP6_BEACON_20,120.4196548461914,1.126960754394531,111.4436416625977,1443223687.456187,-0.015625,13.43613,LWBAND-42E2,1443223687.446107,1.015625,23,0.7424566405321928,0,0.586440756101302,0.03125,12.58407,LWBAND-3D1E,1443223687.371257,1.046875,22,0.7404445629155745,0,0.6046827896026699,0,11.188,LWBAND-408D,1443223687.439833,1,23,0.7356597838337291,-0.015625,0.577420742216338,1443223688164,,,,,,,76,25,1443223687.434138,808,
1443223688166,d764a37917c5f618,item,IP6_BEACON_20,1443223687466,0.5954608028311631,0.7400434553516982,0.5954608028311631,1443223687.465872,,,,,,,,,,,,,,,100,IP6_BEACON_20,,,,,,,,,,,,,,0,12.66156,LWBAND-3D1E,1443223687.458919,1.03125,22,0.7400434553516982,-0.015625,0.5954608028311631,,,,,,,,,,1443223688166,,,,,,,,,,,
1443223688168,86e9e1a7f4fd863f,item,IP6_BEACON_20,1443223687564,0.5784750824569511,0.7398769708290995,0.5774559744296741,1443223687.564206,0.015625,12.58407,LWBAND-39EC,1443223687.493709,1,22,0.7448856153649045,-0.015625,0.5774912066430102,-0.003082275390625,-1.00537109375,-0.014373779296875,1443223687.552713,0.5805132985115051,100,IP6_BEACON_20,119.3050994873047,-0.0562286376953125,109.648193359375,1443223687.555784,,,,,,,,,,,,,,,,,,,-0.015625,11.11037,LWBAND-408D,1443223687.52977,1,23,0.7348683262932947,0,0.577420742216338,1443223688168,,,,,,,,,,,
1443223688172,f614c401240e37a9,item,IP6_BEACON_20,1443223687664,0.5848241714526321,0.7457168379472208,0.5865103935064258,1443223687.664326,0.015625,12.35154,LWBAND-39EC,1443223687.613565,1.015625,22,0.7481490791781134,-0.015625,0.5865101368476081,-0.0027923583984375,-1.001129150390625,-0.01611328125,1443223687.670221,0.5780792832374573,100,IP6_BEACON_20,116.5187072753906,-2.839195251464844,111.3690795898438,1443223687.655871,-0.015625,12.894,LWBAND-42E2,1443223687.569272,1,23,0.7489694180807209,0,0.577420742216338,0,11.6536,LWBAND-3D1E,1443223687.607576,1.03125,22,0.7461060724081021,0,0.5953924651018015,-0.03125,10.48914,LWBAND-408D,1443223687.649755,1.015625,23,0.7396427821219463,-0.015625,0.5867182298599558,1443223688172,,,,,,,,,,,
1443223688176,a32d22472c9c3281,item,IP6_BEACON_20,1443223687665,0.5865101368476081,0.7428603689936024,0.5865101368476081,1443223687.665463,,,,,,,,,,,,,,,100,IP6_BEACON_20,,,,,-0.015625,13.3587,LWBAND-42E2,1443223687.656506,1.015625,23,0.7428603689936024,-0.015625,0.5865101368476081,,,,,,,,,,,,,,,,,,,1443223688176,,,,,,,,,,,
1443223688177,37972c53b2d95035,item,IP6_BEACON_20,1443223687764,0.5845932210226057,0.7410625273177947,0.5864231542670725,1443223687.764234,0.015625,12.58407,LWBAND-39EC,1443223687.703475,1,22,0.7444796831494468,0,0.577420742216338,-0.004486083984375,-0.999725341796875,-0.0162200927734375,1443223687.787723,0.5772734880447388,100,IP6_BEACON_20,114.2895812988281,-4.895416259765625,110.787841796875,1443223687.755659,-0.015625,13.43613,LWBAND-42E2,1443223687.746078,1.03125,23,0.7432645367678101,0,0.5954608028311631,-0.015625,12.58407,LWBAND-3D1E,1443223687.671332,1.03125,22,0.7408461055201925,0,0.5954608028311631,0,11.11037,LWBAND-408D,1443223687.740112,1,23,0.7356597838337291,0,0.5773502691896257,1443223688177,,,,,,,,,,,
1443223688183,52805e1422853bb4,item,IP6_BEACON_20,1443223687765,0.586440756101302,0.7408461055201925,0.586440756101302,1443223687.765314,,,,,,,,,,,,,,,100,IP6_BEACON_20,,,,,,,,,,,,,,0,12.66156,LWBAND-3D1E,1443223687.758526,1.015625,22,0.7408461055201925,-0.015625,0.586440756101302,,,,,,,,,,1443223688183,,,,,,,,,,,
1443223688185,e33f45c8817d8626,item,IP6_BEACON_20,1443223687863,0.5719746480765241,0.7402726995993167,0.5684723452303257,1443223687.863115,0.015625,12.58407,LWBAND-39EC,1443223687.793445,0.984375,22,0.7448856153649045,-0.015625,0.5684723452303257,-0.002197265625,-1.002716064453125,-0.014373779296875,1443223687.905244,0.5789792537689209,100,IP6_BEACON_20,113.8452453613281,-5.0416259765625,109.1207885742188,1443223687.855883,,,,,,,,,,,,,,,,,,,-0.015625,11.188,LWBAND-408D,1443223687.829756,0.984375,23,0.7356597838337291,0.015625,0.5684723452303257,1443223688185,,,,,,,,,,,
1443223688187,0bc4e9a90dd096b8,item,IP6_BEACON_20,1443223687963,0.5774383733709744,0.7460197693208576,0.5774383733709744,1443223687.963475,0.015625,12.35154,LWBAND-39EC,1443223687.943505,0.984375,22,0.7489694180807209,-0.015625,0.5684723452303257,,,,,,100,IP6_BEACON_20,114.4466857910156,-4.133155822753906,108.001220703125,1443223687.958618,-0.015625,12.81653,LWBAND-42E2,1443223687.868982,1.015625,23,0.7485590238790328,-0.015625,0.5865101368476081,-0.015625,11.6536,LWBAND-3D1E,1443223687.877431,1,22,0.7461060724081021,0,0.577420742216338,0,10.48914,LWBAND-408D,1443223687.949567,1,23,0.7404445629155745,0,0.5773502691896257,1443223688187,,,,,,,,,,,
1443223688189,3a593f9ce21d8c3f,item,IP6_BEACON_20,1443223687964,0.5869262490935296,0.7428603689936024,0.5869262490935296,1443223687.964323,,,,,,,,,,,,,,,100,IP6_BEACON_20,,,,,-0.03125,13.3587,LWBAND-42E2,1443223687.956133,1.015625,23,0.7428603689936024,-0.03125,0.5869262490935296,,,,,,,,,,,,,,,,,,,1443223688189,,,,,,,,,,,
1443223689152,4592d69a30e82f22,item,IP6_BEACON_20,1443223688083,0.5798115079206952,0.7412612594749626,0.5797280451410424,1443223688.083244,0.03125,12.58407,LWBAND-39EC,1443223688.003624,1,22,0.7448856153649045,-0.015625,0.5777025483542547,-0.0030517578125,-1.004730224609375,-0.014617919921875,1443223688.022755,0.5801453590393066,100,IP6_BEACON_20,114.4466857910156,-3.881454467773438,109.258903503418,1443223688.055137,-0.015625,13.3587,LWBAND-42E2,1443223688.048983,1.03125,23,0.7428603689936024,0,0.5954608028311631,0,12.66156,LWBAND-3D1E,1443223687.969991,1.015625,22,0.7408461055201925,-0.015625,0.586440756101302,0,11.11037,LWBAND-408D,1443223688.040896,0.96875,23,0.7364529480211509,0,0.5593080732774499,1443223689152,0,0,-71.07504489838246,1443223688.044652,30,42.36778824128431,,,,,
1443223689157,2df31ced8002fd13,item,IP6_BEACON_20,1443223688084,0.5863713671457137,0.7396427821219463,0.5863713671457137,1443223688.0841,,,,,,,,,,,,,,,100,IP6_BEACON_20,,,,,,,,,,,,,,0,12.58407,LWBAND-3D1E,1443223688.058202,1.015625,22,0.7396427821219463,0,0.5863713671457137,,,,,,,,,,1443223689157,,,,,,,,,,,
1443223689159,f382a53208458aa2,item,IP6_BEACON_20,1443223688163,0.5838847257375069,0.7394712597096198,0.586475446474455,1443223688.163411,0.015625,12.66156,LWBAND-39EC,1443223688.094013,1.015625,22,0.7440741931259449,-0.015625,0.5865101368476081,-0.000335693359375,-1.002227783203125,-0.015228271484375,1443223688.140244,0.5787032842636108,100,IP6_BEACON_20,114.4466857910156,-3.64508056640625,109.7914428710938,1443223688.155796,,,,,,,,,,,,,,,,,,,0,11.188,LWBAND-408D,1443223688.129709,1.015625,23,0.7348683262932947,-0.015625,0.586440756101302,1443223689159,,,,,,,,,,,
1443223689161,ea3c67f55fd4349b,item,IP6_BEACON_20,1443223688263,0.5776888507731309,0.7456125919192464,0.5774378501037198,1443223688.263294,0,12.42905,LWBAND-39EC,1443223688.21359,0.984375,22,0.7485590238790328,-0.015625,0.5684007627399292,-0.001800537109375,-1.002227783203125,-0.0138702392578125,1443223688.257755,0.5786928534507751,100,IP6_BEACON_20,115.4763031005859,-2.393486022949219,108.8987655639648,1443223688.255795,-0.015625,12.81653,LWBAND-42E2,1443223688.1683,1,23,0.7481490791781134,0,0.577420742216338,-0.015625,11.6536,LWBAND-3D1E,1443223688.177241,1.03125,22,0.7456988092681414,-0.015625,0.5955291327186829,0,10.48914,LWBAND-408D,1443223688.249832,0.984375,23,0.7400434553516982,-0.015625,0.5684007627399292,1443223689161,,,,,,,,,,,
1443223689164,0983fc4351541fd0,item,IP6_BEACON_20,1443223688264,0.5955291327186829,0.7436691445722564,0.5955291327186829,1443223688.264378,,,,,,,,,,,,,,,100,IP6_BEACON_20,,,,,-0.015625,13.3587,LWBAND-42E2,1443223688.256388,1.03125,23,0.7436691445722564,-0.015625,0.5955291327186829,,,,,,,,,,,,,,,,,,,1443223689164,,,,,,,,,,,
1443223689166,d3dd2c35f9b2fa7c,item,IP6_BEACON_20,1443223688364,0.5849669461517364,0.740864662932686,0.5864757752752341,1443223688.363811,0.015625,12.58407,LWBAND-39EC,1443223688.303631,0.984375,22,0.7444796831494468,-0.015625,0.5684723452303257,-0.0015411376953125,-1.00262451171875,-0.01507568359375,1443223688.375291,0.5789316296577454,100,IP6_BEACON_20,115.4763031005859,-2.247726440429688,110.7949676513672,1443223688.355853,-0.015625,13.3587,LWBAND-42E2,1443223688.346156,1.046875,23,0.7432645367678101,0,0.6044808809355898,-0.015625,12.58407,LWBAND-3D1E,1443223688.268578,1.03125,22,0.7408461055201925,-0.015625,0.5955291327186829,0.015625,11.11037,LWBAND-408D,1443223688.339985,1,23,0.7348683262932947,0,0.577420742216338,1443223689166,,,,,,,,,,,
1443223689168,50a449067081a416,item,IP6_BEACON_20,1443223688365,0.586440756101302,0.7400434553516982,0.586440756101302,1443223688.365192,,,,,,,,,,,,,,,100,IP6_BEACON_20,,,,,,,,,,,,,,0,12.58407,LWBAND-3D1E,1443223688.35852,1.015625,22,0.7400434553516982,-0.015625,0.586440756101302,,,,,,,,,,1443223689168,,,,,,,,,,,
1443223689171,c8070a693c0bee91,item,IP6_BEACON_20,1443223688463,0.5781431366398558,0.7398769708290995,0.5774911894492247,1443223688.463392,0.03125,12.58407,LWBAND-39EC,1443223688.393552,1,22,0.7448856153649045,0,0.5776321097088238,-0.0017242431640625,-1.003509521484375,-0.01556396484375,1443223688.492811,0.5794470310211182,100,IP6_BEACON_20,115.4763031005859,-2.11083984375,110.4414367675781,1443223688.455759,,,,,,,,,,,,,,,,,,,0,11.188,LWBAND-408D,1443223688.429677,1,23,0.7348683262932947,0,0.5773502691896257,1443223689171,,,,,,,77,25,1443223688.413406,798,
1443223689172,205b65709e233575,item,IP6_BEACON_20,1443223688564,0.5777166030023714,0.7463270060408949,0.5774714675066644,1443223688.5645,0,12.27401,LWBAND-39EC,1443223688.513545,0.984375,22,0.7493802625228936,-0.015625,0.5684007627399292,-0.0007171630859375,-1.002227783203125,-0.014495849609375,1443223688.61033,0.578697144985199,100,IP6_BEACON_20,115.4763031005859,-1.982292175292969,110.0179290771484,1443223688.558906,-0.015625,12.81653,LWBAND-42E2,1443223688.467333,1.03125,23,0.7489694180807209,-0.03125,0.5957340753571737,0,11.73117,LWBAND-3D1E,1443223688.47865,1,22,0.7465137806443907,0,0.5773502691896257,0,10.48914,LWBAND-408D,1443223688.550065,0.984375,23,0.7404445629155745,-0.015625,0.5684007627399292,1443223689172,,,,,,,,,,,
1443223689174,62b7899e4766cd5f,item,IP6_BEACON_20,1443223688566,0.6044135630578894,0.7440741931259449,0.6044135630578894,1443223688.565739,,,,,,,,,,,,,,,100,IP6_BEACON_20,,,,,0,13.3587,LWBAND-42E2,1443223688.556326,1.046875,23,0.7440741931259449,0,0.6044135630578894,,,,,,,,,,,,,,,,,,,1443223689174,,,,,,,,,,,
1443223689176,01be2b192a41b0ff,item,IP6_BEACON_20,1443223688665,0.5820020621880573,0.7411625836656435,0.5820020621880573,1443223688.664565,0.015625,12.58407,LWBAND-39EC,1443223688.603797,1,22,0.7444796831494468,-0.015625,0.5774912066430102,,,,,,100,IP6_BEACON_20,118.2129058837891,0.875030517578125,108.6370544433594,1443223688.655001,0,13.43613,LWBAND-42E2,1443223688.646058,1.03125,23,0.7428603689936024,-0.015625,0.5954608028311631,-0.015625,12.58407,LWBAND-3D1E,1443223688.572243,1.015625,22,0.7416504986857954,0,0.586440756101302,-0.03125,11.11037,LWBAND-408D,1443223688.639776,0.984375,23,0.7356597838337291,0,0.5686154831767539,1443223689176,,,,,,,,,,,
1443223689182,16ef89cb22e58304,item,IP6_BEACON_20,1443223688666,0.6044808809355898,0.7400434553516982,0.6044808809355898,1443223688.665544,,,,,,,,,,,,,,,100,IP6_BEACON_20,,,,,,,,,,,,,,0,12.58407,LWBAND-3D1E,1443223688.657859,1.046875,22,0.7400434553516982,-0.015625,0.6044808809355898,,,,,,,,,,1443223689182,,,,,,,,,,,
1443223689190,1b1968787c98ff71,item,IP6_BEACON_20,1443223688763,0.5778532792041833,0.7400747287209977,0.5775594962999425,1443223688.763468,0.03125,12.58407,LWBAND-39EC,1443223688.693438,1.015625,22,0.7448856153649045,-0.015625,0.5867182298599558,-0.0023345947265625,-1.00177001953125,-0.0152587890625,1443223688.72784,0.5784408450126648,100,IP6_BEACON_20,118.2129058837891,0.8217391967773438,108.9041748046875,1443223688.755748,,,,,,,,,,,,,,,,,,,0,11.26561,LWBAND-408D,1443223688.729732,0.984375,23,0.735263842077091,-0.015625,0.5684007627399292,1443223689190,,,,,,,,,,,
1443223689192,a562b924ea33a87c,item,IP6_BEACON_20,1443223688863,0.5886075521091604,0.7463320958090304,0.590933430266875,1443223688.863367,0,12.35154,LWBAND-39EC,1443223688.81377,1.015625,22,0.7497915579468908,-0.015625,0.586440756101302,-0.001251220703125,-1.003250122070312,-0.0163421630859375,1443223688.845349,0.579304039478302,100,IP6_BEACON_20,118.2129058837891,0.771697998046875,107.2832183837891,1443223688.859044,-0.015625,12.81653,LWBAND-42E2,1443223688.769054,1.03125,23,0.7493802625228936,-0.015625,0.5955291327186829,0,11.6536,LWBAND-3D1E,1443223688.777255,1.03125,22,0.7465137806443907,0,0.5953924651018015,0,10.48914,LWBAND-408D,1443223688.850004,1.015625,23,0.7396427821219463,0,0.5863713671457137,1443223689192,,,,,,,,,,,
1443223689194,ac8a3bc45ac6bfe9,item,IP6_BEACON_20,1443223688864,0.586440756101302,0.7428603689936024,0.586440756101302,1443223688.86421,,,,,,,,,,,,,,,100,IP6_BEACON_20,,,,,0,13.3587,LWBAND-42E2,1443223688.856204,1.015625,23,0.7428603689936024,-0.015625,0.586440756101302,,,,,,,,,,,,,,,,,,,1443223689194,,,,,,,,,,,
1443223689196,0c24a9fb6b9b02e6,item,IP6_BEACON_20,1443223688964,0.5831095578197454,0.7406611821685763,0.5842028411631552,1443223688.964475,0.015625,12.58407,LWBAND-39EC,1443223688.904279,1,22,0.7444796831494468,-0.015625,0.5774912066430102,-0.001373291015625,-1.002273559570312,-0.0159149169921875,1443223688.962854,0.578736424446106,100,IP6_BEACON_20,118.2129058837891,0.724700927734375,105.493278503418,1443223688.954574,-0.015625,13.43613,LWBAND-42E2,1443223688.946077,1.015625,23,0.7424566405321928,0,0.586440756101302,-0.015625,12.58407,LWBAND-3D1E,1443223688.870127,1.03125,22,0.7404445629155745,-0.015625,0.5955291327186829,0,11.188,LWBAND-408D,1443223688.939788,1,23,0.735263842077091,0,0.5773502691896257,1443223689196,,,,,,,,,,,
1443223689197,afeb56afac5c8f40,item,IP6_BEACON_20,1443223688966,0.577420742216338,0.7400434553516982,0.577420742216338,1443223688.965557,,,,,,,,,,,,,,,100,IP6_BEACON_20,,,,,,,,,,,,,,-0.015625,12.66156,LWBAND-3D1E,1443223688.957327,1,22,0.7400434553516982,0,0.577420742216338,,,,,,,,,,1443223689197,,,,,,,,,,,
1443223690218,d8aa5bcfea2f1a97,item,IP6_BEACON_20,1443223689077,0.5823261446260541,0.7430471543813834,0.583574295905316,1443223689.077019,0.03125,12.58407,LWBAND-39EC,1443223688.99342,1,22,0.7456988092681414,-0.015625,0.5777025483542547,-0.00244140625,-1.002029418945312,-0.014190673828125,1443223689.080338,0.578581690788269,100,IP6_BEACON_20,118.2129058837891,0.6805648803710938,103.8159484863281,1443223689.055863,-0.015625,12.894,LWBAND-42E2,1443223689.071517,1.03125,23,0.7489694180807209,-0.015625,0.5955291327186829,,,,,,,,,,-0.015625,11.188,LWBAND-408D,1443223689.031391,1,23,0.7344732357952876,-0.015625,0.5774912066430102,1443223690218,0,0,-71.07504489838246,1443223689.043044,30,42.36778824128431,,,,,
1443223690220,a1da671509719c27,item,IP6_BEACON_20,1443223689163,0.5781454998004215,0.7449060908702565,0.5775162919028305,1443223689.163295,0,12.35154,LWBAND-39EC,1443223689.113842,0.96875,22,0.7489694180807209,-0.03125,0.5595990007734706,-0.0018310546875,-1.004531860351562,-0.0150909423828125,1443223689.197866,0.5800331234931946,100,IP6_BEACON_20,118.2129058837891,0.6391220092773438,107.1110763549805,1443223689.153505,,,,,,,,,,-0.015625,11.6536,LWBAND-3D1E,1443223689.082466,1.03125,22,0.7461060724081021,-0.015625,0.5955291327186829,0.015625,10.48914,LWBAND-408D,1443223689.15081,1,23,0.7396427821219463,0,0.577420742216338,1443223690220,,,,,,,,,,,
1443223690222,6268d34ab0fa0207,item,IP6_BEACON_20,1443223689264,0.5796749470962241,0.741164010371659,0.5796749470962241,1443223689.264243,0,12.58407,LWBAND-39EC,1443223689.203517,1,22,0.7448856153649045,-0.015625,0.577420742216338,,,,,,100,IP6_BEACON_20,118.2129058837891,0.6001968383789062,108.3477096557617,1443223689.2558,-0.015625,13.3587,LWBAND-42E2,1443223689.188802,1.03125,23,0.7432645367678101,-0.015625,0.5955291327186829,0.015625,12.66156,LWBAND-3D1E,1443223689.167462,1,22,0.7408461055201925,0,0.577420742216338,0,11.188,LWBAND-408D,1443223689.239833,0.984375,23,0.7356597838337291,0,0.5683291712335379,1443223690222,,,,,,,,,,,
1443223690223,79f13f57feaec683,item,IP6_BEACON_20,1443223689265,0.5954608028311631,0.7432645367678101,0.5954608028311631,1443223689.265234,,,,,,,,,,,,,,,100,IP6_BEACON_20,,,,,0,13.43613,LWBAND-42E2,1443223689.246141,1.03125,23,0.7432645367678101,-0.015625,0.5954608028311631,,,,,,,,,,,,,,,,,,,1443223690223,,,,,,,,,,,
1443223690225,66692f3c59142ab8,item,IP6_BEACON_20,1443223689363,0.5871407442579435,0.7400643042645645,0.5894930234604102,1443223689.3627,0.015625,12.58407,LWBAND-39EC,1443223689.29344,1.015625,22,0.7448856153649045,-0.015625,0.5865101368476081,-0.0008697509765625,-1.004638671875,-0.0138702392578125,1443223689.315428,0.5800839066505432,100,IP6_BEACON_20,118.2129058837891,0.5636444091796875,108.7829895019531,1443223689.35585,,,,,,,,,,-0.015625,12.66156,LWBAND-3D1E,1443223689.270376,1.046875,22,0.7400434553516982,-0.015625,0.6045481913172844,-0.015625,11.188,LWBAND-408D,1443223689.329969,1,23,0.735263842077091,0,0.577420742216338,1443223690225,,,,,,,,,,,
1443223690227,3d173f872d01e56c,item,IP6_BEACON_20,1443223689464,0.5758193253870544,0.7455108872262202,0.5752384959901046,1443223689.464173,0.03125,12.35154,LWBAND-39EC,1443223689.413597,0.96875,22,0.7485590238790328,-0.015625,0.5596717090178849,-0.0010528564453125,-1.001266479492188,-0.0145263671875,1443223689.432982,0.5781426429748535,100,IP6_BEACON_20,118.2129058837891,0.5293197631835938,107.8890762329102,1443223689.455614,-0.015625,12.894,LWBAND-42E2,1443223689.369341,1.015625,23,0.7481490791781134,0,0.586440756101302,-0.015625,11.73117,LWBAND-3D1E,1443223689.377605,1.015625,22,0.7452919904960366,0,0.586440756101302,0,10.48914,LWBAND-408D,1443223689.450009,0.984375,23,0.7400434553516982,-0.015625,0.5684007627399292,1443223690227,,,,,,,77,25,1443223689.403543,798,
1443223690229,fcd757d5886ee3fd,item,IP6_BEACON_20,1443223689465,0.577420742216338,0.7428603689936024,0.577420742216338,1443223689.465315,,,,,,,,,,,,,,,100,IP6_BEACON_20,,,,,-0.015625,13.3587,LWBAND-42E2,1443223689.456218,1,23,0.7428603689936024,0,0.577420742216338,,,,,,,,,,,,,,,,,,,1443223690229,,,,,,,,,,,
1443223690231,f5d3372eb080b445,item,IP6_BEACON_20,1443223689564,0.5905155616620155,0.7412612594749626,0.5932226426426286,1443223689.564092,0.015625,12.58407,LWBAND-39EC,1443223689.503489,1,22,0.7448856153649045,0,0.577420742216338,-0.0003509521484375,-1.003936767578125,-0.014923095703125,1443223689.550524,0.579687237739563,100,IP6_BEACON_20,118.2129058837891,0.4970855712890625,109.9052276611328,1443223689.555454,-0.015625,13.3587,LWBAND-42E2,1443223689.546298,1.046875,23,0.7428603689936024,0,0.6044808809355898,-0.015625,12.73904,LWBAND-3D1E,1443223689.472203,1.046875,22,0.7408461055201925,-0.015625,0.6045481913172844,0.015625,11.03274,LWBAND-408D,1443223689.539851,1.015625,23,0.7364529480211509,0,0.586440756101302,1443223690231,,,,,,,,,,,
1443223690233,ac44611374cac3d9,item,IP6_BEACON_20,1443223689565,0.5953924651018015,0.7400434553516982,0.5953924651018015,1443223689.565014,,,,,,,,,,,,,,,100,IP6_BEACON_20,,,,,,,,,,,,,,0,12.66156,LWBAND-3D1E,1443223689.558008,1.03125,22,0.7400434553516982,0,0.5953924651018015,,,,,,,,,,1443223690233,,,,,,,,,,,
1443223690235,d13d8696cd837017,item,IP6_BEACON_20,1443223689664,0.5815374336673291,0.7398769708290995,0.5818955126454639,1443223689.664448,0.015625,12.50656,LWBAND-39EC,1443223689.593564,1.015625,22,0.7448856153649045,0,0.586440756101302,-0.002288818359375,-1.005889892578125,-0.0155029296875,1443223689.668064,0.5808212757110596,100,IP6_BEACON_20,124.5831680297852,6.837074279785156,114.9913482666016,1443223689.655038,,,,,,,,,,,,,,,,,,,0,11.11037,LWBAND-408D,1443223689.629995,1,23,0.7348683262932947,0,0.5773502691896257,1443223690235,,,,,,,,,,,
1443223690237,9a27a72782e74d24,item,IP6_BEACON_20,1443223689764,0.5831778605337599,0.7460190978295077,0.5842196444118593,1443223689.764175,0.015625,12.42905,LWBAND-39EC,1443223689.713471,1.015625,22,0.7485590238790328,-0.015625,0.5865101368476081,-0.0015716552734375,-1.002777099609375,-0.0139923095703125,1443223689.785624,0.5790107250213623,100,IP6_BEACON_20,124.5831680297852,6.420707702636719,112.9132080078125,1443223689.755799,-0.015625,12.894,LWBAND-42E2,1443223689.67136,1.03125,23,0.7485590238790328,-0.015625,0.5955291327186829,-0.015625,11.73117,LWBAND-3D1E,1443223689.677601,1.015625,22,0.7465137806443907,-0.015625,0.5865101368476081,0,10.48914,LWBAND-408D,1443223689.749819,0.984375,23,0.7404445629155745,0,0.5683291712335379,1443223690237,,,,,,,,,,,
1443223690239,9cea5b5cd64410e3,item,IP6_BEACON_20,1443223689766,0.586440756101302,0.7436691445722564,0.586440756101302,1443223689.765865,,,,,,,,,,,,,,,100,IP6_BEACON_20,,,,,-0.015625,13.3587,LWBAND-42E2,1443223689.758556,1.015625,23,0.7436691445722564,0,0.586440756101302,,,,,,,,,,,,,,,,,,,1443223690239,,,,,,,,,,,
1443223690240,6b92fc8a8611833c,item,IP6_BEACON_20,1443223689864,0.579528965919241,0.7405623032226273,0.5796930968376803,1443223689.864447,0.015625,12.58407,LWBAND-39EC,1443223689.804533,1,22,0.7444796831494468,-0.015625,0.5774912066430102,0.0001068115234375,-1.002532958984375,-0.014404296875,1443223689.903168,0.5788724422454834,100,IP6_BEACON_20,124.5831680297852,6.029701232910156,110.7525634765625,1443223689.856019,-0.015625,13.3587,LWBAND-42E2,1443223689.846298,1,23,0.7424566405321928,-0.015625,0.5774912066430102,0,12.58407,LWBAND-3D1E,1443223689.770324,1.03125,22,0.7404445629155745,-0.015625,0.5954608028311631,0,11.03274,LWBAND-408D,1443223689.839826,0.984375,23,0.7348683262932947,0,0.5683291712335379,1443223690240,,,,,,,,,,,
1443223690242,1c8ad6f1eb8798db,item,IP6_BEACON_20,1443223689866,0.5955291327186829,0.7396427821219463,0.5955291327186829,1443223689.865571,,,,,,,,,,,,,,,100,IP6_BEACON_20,,,,,,,,,,,,,,0.015625,12.66156,LWBAND-3D1E,1443223689.858668,1.03125,22,0.7396427821219463,-0.015625,0.5955291327186829,,,,,,,,,,1443223690242,,,,,,,,,,,
1443223690244,6ee8400557c66085,item,IP6_BEACON_20,1443223689964,0.5820716522277783,0.7396740047213708,0.5820716522277783,1443223689.964213,0.015625,12.58407,LWBAND-39EC,1443223689.893826,1,22,0.7444796831494468,-0.03125,0.5777025483542547,,,,,,100,IP6_BEACON_20,134.3146209716797,15.39395904541016,118.7569580078125,1443223689.955799,,,,,,,,,,,,,,,,,,,0.015625,11.26561,LWBAND-408D,1443223689.930161,1.015625,23,0.7348683262932947,0,0.586440756101302,1443223690244,,,,,,,,,,,
1443223691166,1ec3dc2e3a292f2d,item,IP6_BEACON_20,1443223690161,0.5730445714600698,0.7482890161452379,0.571431283395531,1443223690.160996,0,12.35154,LWBAND-39EC,1443223690.013665,0.984375,22,0.7489694180807209,-0.015625,0.5684007627399292,-0.0005340576171875,-1.000839233398438,-0.0131072998046875,1443223690.020707,0.5778844356536865,100,IP6_BEACON_20,154.1665191650391,34.30838012695312,116.1752166748047,1443223690.089642,-0.015625,12.894,LWBAND-42E2,1443223689.969344,0.984375,23,0.7497915579468908,-0.015625,0.5684723452303257,0,11.73117,LWBAND-3D1E,1443223689.977377,1,22,0.7461060724081021,-0.015625,0.577420742216338,,,,,,,,,,1443223691166,,,,,,,,,,,
1443223691169,75ad9683fa1816d6,item,IP6_BEACON_20,1443223690264,0.5814465982824943,0.7422587192309007,0.5820881852396307,1443223690.264177,0.03125,12.58407,LWBAND-39EC,1443223690.168859,1,22,0.7440741931259449,-0.015625,0.5777025483542547,-0.0025177001953125,-1.00250244140625,-0.0170135498046875,1443223690.138261,0.578880250453949,100,IP6_BEACON_20,154.1665191650391,32.21903991699219,115.0871887207031,1443223690.170003,-0.015625,13.59096,LWBAND-42E2,1443223690.168268,1.015625,23,0.7436691445722564,0,0.586440756101302,0.03125,12.58407,LWBAND-3D1E,1443223690.168654,1.015625,22,0.7412480838737032,-0.015625,0.5867182298599558,-0.015625,10.48914,LWBAND-408D,1443223690.167895,1,23,0.7400434553516982,-0.015625,0.5774912066430102,1443223691169,0,0,-71.07504489838246,1443223690.076649,30,42.36778824128431,,,,,
1443223691172,c4f67cc0ffb06444,item,IP6_BEACON_20,1443223690265,0.5868059030891223,0.7410641765597357,0.5887814451904052,1443223690.265423,0.015625,12.58407,LWBAND-39EC,1443223690.193514,1.015625,22,0.7452919904960366,-0.015625,0.5865101368476081,-0.0009002685546875,-1.002578735351562,-0.01495361328125,1443223690.255845,0.5789037346839905,100,IP6_BEACON_20,154.1665191650391,30.25694274902344,112.1187133789062,1443223690.255271,-0.03125,13.3587,LWBAND-42E2,1443223690.169235,1.03125,23,0.7428603689936024,0,0.5956657689789915,0.015625,12.66156,LWBAND-3D1E,1443223690.169494,1.03125,22,0.7404445629155745,-0.015625,0.5955291327186829,-0.015625,11.11037,LWBAND-408D,1443223690.169047,1,23,0.7356597838337291,0,0.577420742216338,1443223691172,,,,,,,,,,,
1443223691176,2fa1090d6b586e6b,item,IP6_BEACON_20,1443223690269,0.5773502691896257,0.7348683262932947,0.5773502691896257,1443223690.269095,,,,,,,,,,,,,,,100,IP6_BEACON_20,,,,,,,,,,,,,,,,,,,,,,,0,11.26561,LWBAND-408D,1443223690.229942,1,23,0.7348683262932947,0,0.5773502691896257,1443223691176,,,,,,,,,,,
1443223691179,f18c43896605cce5,item,IP6_BEACON_20,1443223690364,0.5849249908923235,0.7462334490548965,0.5864927855132926,1443223690.364074,0,12.35154,LWBAND-39EC,1443223690.313761,1,22,0.7493802625228936,-0.015625,0.577420742216338,-0.0023040771484375,-1.00213623046875,-0.01544189453125,1443223690.381188,0.5786538124084473,100,IP6_BEACON_20,154.1665191650391,28.41433715820312,109.5149841308594,1443223690.356413,-0.03125,12.81653,LWBAND-42E2,1443223690.276581,1.015625,23,0.7493802625228936,-0.015625,0.5867182298599558,-0.015625,11.6536,LWBAND-3D1E,1443223690.277848,1.03125,22,0.7473305353278091,0,0.5954608028311631,0,10.64448,LWBAND-408D,1443223690.351883,1.015625,23,0.7388427358459897,0,0.5863713671457137,1443223691179,,,,,,,,,,,
1443223691181,fdd10c442c03a29f,item,IP6_BEACON_20,1443223690367,0.5863713671457137,0.7420533506676996,0.5863713671457137,1443223690.366879,,,,,,,,,,,,,,,100,IP6_BEACON_20,,,,,0,13.66837,LWBAND-42E2,1443223690.357054,1.015625,23,0.7420533506676996,0,0.5863713671457137,,,,,,,,,,,,,,,,,,,1443223691181,,,,,,,,,,,
1443223691182,6c3fa336f6ef87fd,item,IP6_BEACON_20,1443223690468,0.5852776750975951,0.7405611297608413,0.5864754300631713,1443223690.468391,0.015625,12.58407,LWBAND-39EC,1443223690.404072,1.015625,22,0.7448856153649045,-0.03125,0.5867182298599558,0,-1.005294799804688,-0.016632080078125,1443223690.479156,0.5804866552352905,100,IP6_BEACON_20,154.1665191650391,26.68394470214844,108.3863067626953,1443223690.457379,0,13.66837,LWBAND-42E2,1443223690.446308,1.015625,23,0.7416504986857954,-0.015625,0.586440756101302,0,12.66156,LWBAND-3D1E,1443223690.372747,1.03125,22,0.7404445629155745,0,0.5953924651018015,0,11.188,LWBAND-408D,1443223690.440131,1,23,0.735263842077091,0,0.5773502691896257,1443223691182,,,,,,,77,25,1443223690.394141,798,798
1443223691188,32b110c434764537,item,IP6_BEACON_20,1443223690470,0.6045481913172844,0.7400434553516982,0.6045481913172844,1443223690.469889,,,,,,,,,,,,,,,100,IP6_BEACON_20,,,,,,,,,,,,,,-0.015625,12.58407,LWBAND-3D1E,1443223690.458014,1.046875,22,0.7400434553516982,-0.015625,0.6045481913172844,,,,,,,,,,1443223691188,,,,,,,,,,,
1443223691190,51dc8e1e4d210c80,item,IP6_BEACON_20,1443223690568,0.5807396490943981,0.7400860225317145,0.5818960546810259,1443223690.567661,0,12.58407,LWBAND-39EC,1443223690.493976,1,22,0.7456988092681414,-0.015625,0.577420742216338,-0.0005340576171875,-1.001754760742188,-0.01483154296875,1443223690.577117,0.5784268379211426,100,IP6_BEACON_20,154.1665191650391,25.05892944335938,107.9016571044922,1443223690.555905,,,,,,,,,,,,,,,,,,,0,11.188,LWBAND-408D,1443223690.53064,1.015625,23,0.7344732357952876,0,0.5863713671457137,1443223691190,,,,,,,,,,,
1443223691194,84f9522b2410a990,item,IP6_BEACON_20,1443223690664,0.5831226603477879,0.7454159095972077,0.5842548479996229,1443223690.664208,0.015625,12.42905,LWBAND-39EC,1443223690.613865,1.015625,22,0.7473305353278091,-0.03125,0.5867182298599558,0.001556396484375,-1.002044677734375,-0.0147247314453125,1443223690.675072,0.578593909740448,100,IP6_BEACON_20,154.1665191650391,23.53288269042969,109.8976211547852,1443223690.655924,-0.015625,12.73904,LWBAND-42E2,1443223690.57436,1.015625,23,0.7497915579468908,-0.015625,0.5865101368476081,0,11.6536,LWBAND-3D1E,1443223690.586607,1.015625,22,0.7456988092681414,-0.015625,0.586440756101302,0,10.56681,LWBAND-408D,1443223690.650429,1,23,0.7388427358459897,0,0.5773502691896257,1443223691194,,,,,,,,,,,
1443223691196,d99d3e05f9622975,item,IP6_BEACON_20,1443223690666,0.5683291712335379,0.7424566405321928,0.5683291712335379,1443223690.665885,,,,,,,,,,,,,,,100,IP6_BEACON_20,,,,,0,13.66837,LWBAND-42E2,1443223690.656628,0.984375,23,0.7424566405321928,0,0.5683291712335379,,,,,,,,,,,,,,,,,,,1443223691196,,,,,,,,,,,
1443223691198,c78f360d9e47efab,item,IP6_BEACON_20,1443223690765,0.5793569198007354,0.7406593451416126,0.5797459322654914,1443223690.764649,0.03125,12.58407,LWBAND-39EC,1443223690.703975,1,22,0.7444796831494468,-0.015625,0.5777025483542547,-0.002899169921875,-1.000640869140625,-0.0164642333984375,1443223690.773041,0.5778008699417114,100,IP6_BEACON_20,154.1665191650391,22.09976196289062,110.3763580322266,1443223690.755807,0,13.74577,LWBAND-42E2,1443223690.749594,0.984375,23,0.7420533506676996,0,0.5683291712335379,-0.015625,12.58407,LWBAND-3D1E,1443223690.674263,1.03125,22,0.7404445629155745,0,0.5954608028311631,-0.015625,11.11037,LWBAND-408D,1443223690.749071,1,23,0.7356597838337291,-0.015625,0.5774912066430102,1443223691198,,,,,,,,,,,
1443223691204,d131de40b5bf1d53,item,IP6_BEACON_20,1443223690766,0.5953924651018015,0.7404445629155745,0.5953924651018015,1443223690.765557,,,,,,,,,,,,,,,100,IP6_BEACON_20,,,,,,,,,,,,,,0,12.66156,LWBAND-3D1E,1443223690.75871,1.03125,22,0.7404445629155745,0,0.5953924651018015,,,,,,,,,,1443223691204,,,,,,,,,,,
1443223691208,d9cd077b24675874,item,IP6_BEACON_20,1443223690863,0.5753826697483934,0.7394764594723672,0.5730522274695748,1443223690.863458,0.03125,12.58407,LWBAND-39EC,1443223690.793761,1,22,0.7444796831494468,0,0.5776321097088238,0.0200653076171875,-1.00433349609375,-0.0162200927734375,1443223690.871002,0.5800435543060303,100,IP6_BEACON_20,154.1665191650391,20.75392150878906,113.4323196411133,1443223690.855845,,,,,,,,,,,,,,,,,,,-0.015625,11.188,LWBAND-408D,1443223690.832459,0.984375,23,0.7344732357952876,-0.015625,0.5684723452303257,1443223691208,,,,,,,,,,,
1443223691213,ba3f76ddd77aedba,item,IP6_BEACON_20,1443223690965,0.5829540052769699,0.7457196041100804,0.5842210102525998,1443223690.964574,0,12.42905,LWBAND-39EC,1443223690.913747,1.015625,22,0.7473305353278091,-0.015625,0.586440756101302,-0.0015869140625,-1.000839233398438,-0.0132293701171875,1443223690.968976,0.5778859853744507,100,IP6_BEACON_20,153.6092376708984,18.93275451660156,110.2443618774414,1443223690.954909,-0.015625,12.81653,LWBAND-42E2,1443223690.86866,0.984375,23,0.7497915579468908,-0.015625,0.5684723452303257,0,11.73117,LWBAND-3D1E,1443223690.877552,1.03125,22,0.7465137806443907,-0.015625,0.5954608028311631,-0.015625,10.64448,LWBAND-408D,1443223690.950456,1.015625,23,0.7392425425212311,0.015625,0.5865101368476081,1443223691213,,,,,,,,,,,
1443223691216,443ffa328e7a897e,item,IP6_BEACON_20,1443223690966,0.5867182298599558,0.7420533506676996,0.5867182298599558,1443223690.966217,,,,,,,,,,,,,,,100,IP6_BEACON_20,,,,,-0.03125,13.74577,LWBAND-42E2,1443223690.957696,1.015625,23,0.7420533506676996,-0.015625,0.5867182298599558,,,,,,,,,,,,,,,,,,,1443223691216,,,,,,,,,,,
1443223692148,846647611d067eb7,item,IP6_BEACON_20,1443223691084,0.577689207940318,0.7408595929556588,0.5774216221633277,1443223691.084497,0.015625,12.58407,LWBAND-39EC,1443223691.004013,0.96875,22,0.7448856153649045,-0.015625,0.5594535559365049,-0.0014190673828125,-1.0023193359375,-0.0155487060546875,1443223691.066941,0.5787595510482788,100,IP6_BEACON_20,151.380126953125,15.5506591796875,109.6181793212891,1443223691.055802,-0.015625,13.66837,LWBAND-42E2,1443223691.048387,1.03125,23,0.7416504986857954,0,0.5954608028311631,0,12.66156,LWBAND-3D1E,1443223690.970703,1.015625,22,0.7408461055201925,0,0.5863713671457137,0,11.188,LWBAND-408D,1443223691.040833,0.984375,23,0.7360561522517429,-0.015625,0.5684007627399292,1443223692148,0,0,-71.07504489838246,1443223691.041706,30,42.36778824128431,,,,,
1443223692151,3511714e8b30cd33,item,IP6_BEACON_20,1443223691085,0.5954608028311631,0.7396427821219463,0.5954608028311631,1443223691.085327,,,,,,,,,,,,,,,100,IP6_BEACON_20,,,,,,,,,,,,,,0,12.66156,LWBAND-3D1E,1443223691.076777,1.03125,22,0.7396427821219463,-0.015625,0.5954608028311631,,,,,,,,,,1443223692151,,,,,,,,,,,
1443223692154,5422a68bbf3950bb,item,IP6_BEACON_20,1443223691163,0.5748920806447578,0.7396740047213708,0.5729465437233319,1443223691.163024,0.015625,12.58407,LWBAND-39EC,1443223691.09359,0.984375,22,0.7444796831494468,-0.015625,0.5684723452303257,-0.000579833984375,-1.002365112304688,-0.015289306640625,1443223691.164899,0.5787831544876099,100,IP6_BEACON_20,149.1510162353516,12.37454223632812,110.9798812866211,1443223691.155847,,,,,,,,,,,,,,,,,,,-0.015625,11.188,LWBAND-408D,1443223691.130116,1,23,0.7348683262932947,0,0.577420742216338,1443223692154,,,,,,,,,,,
1443223692156,769d4a43f2fdf7fc,item,IP6_BEACON_20,1443223691265,0.5885376816396298,0.7460220942957114,0.5909852392231899,1443223691.264788,0.015625,12.50656,LWBAND-39EC,1443223691.213708,1,22,0.7477395832398659,-0.015625,0.5774912066430102,-0.0005950927734375,-1.002288818359375,-0.016204833984375,1443223691.262839,0.5787474513053894,100,IP6_BEACON_20,146.3646240234375,8.834548950195312,107.6399917602539,1443223691.255152,-0.015625,12.81653,LWBAND-42E2,1443223691.170143,1.046875,23,0.7497915579468908,-0.015625,0.6045481913172844,0,11.73117,LWBAND-3D1E,1443223691.177385,1.03125,22,0.7465137806443907,-0.015625,0.5954608028311631,-0.015625,10.64448,LWBAND-408D,1443223691.250094,1.015625,23,0.7400434553516982,0,0.586440756101302,1443223692156,,,,,,,,,,,
1443223692158,f2df0385ea835810,item,IP6_BEACON_20,1443223691267,0.586440756101302,0.7424566405321928,0.586440756101302,1443223691.266532,,,,,,,,,,,,,,,100,IP6_BEACON_20,,,,,-0.015625,13.59096,LWBAND-42E2,1443223691.256207,1.015625,23,0.7424566405321928,0,0.586440756101302,,,,,,,,,,,,,,,,,,,1443223692158,,,,,,,,,,,
1443223692161,e6adee2f02ee838f,item,IP6_BEACON_20,1443223691419,0.5812370789320422,0.740560359702453,0.582018347118193,1443223691.418524,0.015625,12.58407,LWBAND-39EC,1443223691.30398,0.984375,22,0.7444796831494468,-0.015625,0.5684723452303257,-0.00189208984375,-1.001205444335938,-0.014984130859375,1443223691.360979,0.578112006187439,100,IP6_BEACON_20,142.4636688232422,4.395584106445312,106.7805633544922,1443223691.417837,-0.015625,13.66837,LWBAND-42E2,1443223691.413444,1,23,0.7420533506676996,0,0.577420742216338,-0.015625,12.66156,LWBAND-3D1E,1443223691.272106,1.046875,22,0.7404445629155745,-0.015625,0.6045481913172844,-0.03125,11.188,LWBAND-408D,1443223691.412983,1,23,0.735263842077091,0,0.5776321097088238,1443223692161,,,,,,,77,25,1443223691.417052,798,
1443223692164,8ccae71c5acd4dc9,item,IP6_BEACON_20,1443223691420,0.5864407725237506,0.7424645353583014,0.5864407725237506,1443223691.419532,0.015625,12.66156,LWBAND-39EC,1443223691.417276,1,22,0.7448856153649045,0,0.577420742216338,,,,,,100,IP6_BEACON_20,,,,,,,,,,,,,,0.015625,12.58407,LWBAND-3D1E,1443223691.413743,1.03125,22,0.7400434553516982,0,0.5954608028311631,,,,,,,,,,1443223692164,,,,,,,,,,,
1443223692166,67e567cb0927b4cb,item,IP6_BEACON_20,1443223691464,0.577420742216338,0.7344732357952876,0.577420742216338,1443223691.463825,,,,,,,,,,,,,,,100,IP6_BEACON_20,141.9063873291016,3.57061767578125,109.3985900878906,1443223691.454017,,,,,,,,,,,,,,,,,,,-0.015625,11.188,LWBAND-408D,1443223691.443187,1,23,0.7344732357952876,0,0.577420742216338,1443223692166,,,,,,,,,,,
1443223692171,5ab3f95e1d0af5e6,item,IP6_BEACON_20,1443223691564,0.585000822633869,0.7456206621693955,0.5864407540489814,1443223691.563547,0.015625,12.42905,LWBAND-39EC,1443223691.513626,1.015625,22,0.7473305353278091,-0.015625,0.5865101368476081,-0.00213623046875,-1.003173828125,-0.0140838623046875,1443223691.564685,0.5792410969734192,100,IP6_BEACON_20,139.1199951171875,0.5667724609375,109.7030181884766,1443223691.554014,0,12.81653,LWBAND-42E2,1443223691.46869,1.015625,23,0.7502033050956809,0,0.5863713671457137,-0.015625,11.6536,LWBAND-3D1E,1443223691.477309,1.015625,22,0.7461060724081021,0,0.586440756101302,-0.015625,10.64448,LWBAND-408D,1443223691.550199,1.015625,23,0.7388427358459897,0,0.586440756101302,1443223692171,,,,,,,,,,,
1443223692173,30bb0f79dd9b467a,item,IP6_BEACON_20,1443223691565,0.586440756101302,0.7432645367678101,0.586440756101302,1443223691.564857,,,,,,,,,,,,,,,100,IP6_BEACON_20,,,,,0,13.59096,LWBAND-42E2,1443223691.556247,1.015625,23,0.7432645367678101,-0.015625,0.586440756101302,,,,,,,,,,,,,,,,,,,1443223692173,,,,,,,,,,,
1443223692175,1511681067ba9868,item,IP6_BEACON_20,1443223691664,0.5866882333889688,0.7404604939017829,0.5886776459384815,1443223691.663518,0,12.58407,LWBAND-39EC,1443223691.604744,1.015625,22,0.7440741931259449,0,0.5863713671457137,-0.0006256103515625,-1.002243041992188,-0.0171966552734375,1443223691.682207,0.578730583190918,100,IP6_BEACON_20,136.890869140625,-1.696868896484375,107.9754638671875,1443223691.654033,-0.015625,13.66837,LWBAND-42E2,1443223691.646304,1.046875,23,0.7420533506676996,-0.015625,0.6045481913172844,0,12.58407,LWBAND-3D1E,1443223691.569432,1.015625,22,0.7408461055201925,-0.015625,0.586440756101302,0,11.188,LWBAND-408D,1443223691.639995,1,23,0.7348683262932947,0,0.5773502691896257,1443223692175,,,,,,,,,,,
1443223692178,2d7057647dd1f1e5,item,IP6_BEACON_20,1443223691665,0.586440756101302,0.7400434553516982,0.586440756101302,1443223691.664887,,,,,,,,,,,,,,,100,IP6_BEACON_20,,,,,,,,,,,,,,0,12.66156,LWBAND-3D1E,1443223691.657379,1.015625,22,0.7400434553516982,-0.015625,0.586440756101302,,,,,,,,,,1443223692178,,,,,,,,,,,
1443223692195,5787b05806c7b337,item,IP6_BEACON_20,1443223691763,0.5778293495158521,0.7402779162865638,0.5774912066430102,1443223691.763182,0.015625,12.58407,LWBAND-39EC,1443223691.694088,1,22,0.7452919904960366,-0.015625,0.5774912066430102,0.0004119873046875,-1.001876831054688,-0.015777587890625,1443223691.799768,0.5785056352615356,100,IP6_BEACON_20,134.6617584228516,-3.822647094726562,109.8339080810547,1443223691.754059,,,,,,,,,,,,,,,,,,,-0.015625,11.188,LWBAND-408D,1443223691.730956,1,23,0.735263842077091,-0.015625,0.5774912066430102,1443223692195,,,,,,,,,,,
1443223692197,42021e283c3c671e,item,IP6_BEACON_20,1443223691864,0.5910889533104534,0.7461298912955086,0.5910889533104534,1443223691.863634,0.046875,12.42905,LWBAND-39EC,1443223691.814987,1.015625,22,0.7477395832398659,-0.015625,0.587064887633102,,,,,,100,IP6_BEACON_20,132.4326477050781,-5.8189697265625,112.0831756591797,1443223691.854036,-0.015625,12.81653,LWBAND-42E2,1443223691.767555,1.046875,23,0.7506155047138653,-0.015625,0.6045481913172844,0,11.6536,LWBAND-3D1E,1443223691.777475,1.03125,22,0.7469219347070721,0,0.5953924651018015,0,10.64448,LWBAND-408D,1443223691.850356,1,23,0.7392425425212311,0,0.5773502691896257,1443223692197,,,,,,,,,,,
1443223692199,5d0bc4db5d8cb611,item,IP6_BEACON_20,1443223691865,0.5957340753571737,0.7424566405321928,0.5957340753571737,1443223691.864673,,,,,,,,,,,,,,,100,IP6_BEACON_20,,,,,-0.015625,13.66837,LWBAND-42E2,1443223691.856367,1.03125,23,0.7424566405321928,-0.03125,0.5957340753571737,,,,,,,,,,,,,,,,,,,1443223692199,,,,,,,,,,,
1443223692204,ec0f85ab60ee4042,item,IP6_BEACON_20,1443223691964,0.579806319929039,0.7408612138466314,0.5798656394790553,1443223691.96363,0.046875,12.58407,LWBAND-39EC,1443223691.903873,1.015625,22,0.7448856153649045,-0.015625,0.587064887633102,-0.0015716552734375,-1.003753662109375,-0.0133056640625,1443223691.917314,0.5795690417289734,100,IP6_BEACON_20,129.6462554931641,-8.250991821289062,109.6833038330078,1443223691.954019,-0.03125,13.66837,LWBAND-42E2,1443223691.946336,1.015625,23,0.7420533506676996,-0.015625,0.5867182298599558,0,12.58407,LWBAND-3D1E,1443223691.86949,1,22,0.7408461055201925,0,0.5773502691896257,0,11.188,LWBAND-408D,1443223691.939904,0.984375,23,0.7356597838337291,0,0.5683291712335379,1443223692204,,,,,,,,,,,
1443223692207,ffb4f049447c4220,item,IP6_BEACON_20,1443223691965,0.5863713671457137,0.7404445629155745,0.5863713671457137,1443223691.964725,,,,,,,,,,,,,,,100,IP6_BEACON_20,,,,,,,,,,,,,,0,12.58407,LWBAND-3D1E,1443223691.957343,1.015625,22,0.7404445629155745,0,0.5863713671457137,,,,,,,,,,1443223692207,,,,,,,,,,,
1443223693143,9a63093915fc5d48,item,IP6_BEACON_20,1443223692073,0.5848251315687882,0.7433157993614432,0.5865325772411012,1443223692.073227,-0.015625,12.58407,LWBAND-39EC,1443223691.994223,1,22,0.7456988092681414,-0.015625,0.5774912066430102,-0.00067138671875,-1.003997802734375,-0.0124053955078125,1443223692.034861,0.5797027945518494,100,IP6_BEACON_20,127.4171295166016,-9.977645874023438,108.933837890625,1443223692.054084,0,12.73904,LWBAND-42E2,1443223692.071395,1.03125,23,0.7493802625228936,-0.03125,0.5956657689789915,,,,,,,,,,-0.015625,11.188,LWBAND-408D,1443223692.031138,1.015625,23,0.7348683262932947,0,0.586440756101302,1443223693143,0,0,-71.07504489838246,1443223692.043632,30,42.36778824128431,,,,,
1443223693147,be0a532ac9078d85,item,IP6_BEACON_20,1443223692164,0.5797094863394353,0.7436835714242345,0.5796765736912008,1443223692.163921,0.015625,12.42905,LWBAND-39EC,1443223692.113587,0.984375,22,0.7477395832398659,-0.015625,0.5684723452303257,-0.0027923583984375,-1.00421142578125,-0.01409912109375,1443223692.152399,0.579841136932373,100,IP6_BEACON_20,125.1880187988281,-11.59912872314453,112.5865707397461,1443223692.154013,0,13.66837,LWBAND-42E2,1443223692.15642,1.03125,23,0.7420533506676996,0,0.5953924651018015,0,11.6536,LWBAND-3D1E,1443223692.079431,1,22,0.7456988092681414,-0.015625,0.577420742216338,0,10.64448,LWBAND-408D,1443223692.150017,1,23,0.7392425425212311,0.015625,0.577420742216338,1443223693147,,,,,,,,,,,
1443223693149,d1a20e51f9a31270,item,IP6_BEACON_20,1443223692264,0.5815474067623109,0.7407639821142546,0.5822086973109208,1443223692.264133,0,12.50656,LWBAND-39EC,1443223692.208509,1,22,0.7452919904960366,-0.03125,0.5776321097088238,-0.0004425048828125,-1.002578735351562,-0.014801025390625,1443223692.269952,0.5789022445678711,100,IP6_BEACON_20,122.4016265869141,-13.67915344238281,110.647575378418,1443223692.254277,-0.046875,13.66837,LWBAND-42E2,1443223692.253727,1.015625,23,0.7424566405321928,-0.03125,0.5872727840762474,-0.015625,12.66156,LWBAND-3D1E,1443223692.170289,1.03125,22,0.7400434553516982,-0.015625,0.5955291327186829,0,11.188,LWBAND-408D,1443223692.240286,0.984375,23,0.735263842077091,-0.015625,0.5684007627399292,1443223693149,,,,,,,,,,,
1443223693151,a3d69dab6b3e1d1e,item,IP6_BEACON_20,1443223692265,0.5955291327186829,0.7400434553516982,0.5955291327186829,1443223692.265029,,,,,,,,,,,,,,,100,IP6_BEACON_20,,,,,,,,,,,,,,-0.015625,12.66156,LWBAND-3D1E,1443223692.258729,1.03125,22,0.7400434553516982,-0.015625,0.5955291327186829,,,,,,,,,,1443223693151,,,,,,,,,,,
1443223693154,5ccecb1907081006,item,IP6_BEACON_20,1443223692364,0.5812297093428512,0.7394764594723672,0.5822780471380562,1443223692.364233,0.046875,12.58407,LWBAND-39EC,1443223692.293748,1.015625,22,0.7444796831494468,-0.015625,0.587064887633102,-0.001922607421875,-1.002960205078125,-0.0158843994140625,1443223692.385524,0.5791330337524414,100,IP6_BEACON_20,120.1725082397461,-15.07522583007812,108.4202575683594,1443223692.354085,,,,,,,,,,,,,,,,,,,-0.015625,11.188,LWBAND-408D,1443223692.330218,1,23,0.7344732357952876,0.015625,0.5774912066430102,1443223693154,,,,,,,,,,,
1443223693157,122d26cf7b6f5a4a,item,IP6_BEACON_20,1443223692464,0.5830908040391469,0.7456176770510083,0.5842025702430637,1443223692.46408,0.015625,12.42905,LWBAND-39EC,1443223692.414447,1.015625,22,0.7473305353278091,-0.015625,0.5865101368476081,-0.00213623046875,-1.002120971679688,-0.01531982421875,1443223692.503083,0.5786437392234802,100,IP6_BEACON_20,117.9433898925781,-16.38628387451172,107.1987686157227,1443223692.45405,0,12.73904,LWBAND-42E2,1443223692.369665,1,23,0.7497915579468908,-0.015625,0.577420742216338,0.015625,11.73117,LWBAND-3D1E,1443223692.37759,1.03125,22,0.7461060724081021,-0.015625,0.5955291327186829,0,10.64448,LWBAND-408D,1443223692.450162,1,23,0.7392425425212311,0,0.5773502691896257,1443223693157,,,,,,,77,25,1443223692.373653,798,
1443223693160,4923fdd8e89cf52a,item,IP6_BEACON_20,1443223692466,0.5773502691896257,0.7428603689936024,0.5773502691896257,1443223692.46558,,,,,,,,,,,,,,,100,IP6_BEACON_20,,,,,0,13.74577,LWBAND-42E2,1443223692.456337,1,23,0.7428603689936024,0,0.5773502691896257,,,,,,,,,,,,,,,,,,,1443223693160,,,,,,,,,,,
1443223693162,e0aeeab7e4cf0c02,item,IP6_BEACON_20,1443223692564,0.5843092629996933,0.7407605008511553,0.5843092629996933,1443223692.5638,0.046875,12.58407,LWBAND-39EC,1443223692.503885,1,22,0.7448856153649045,-0.015625,0.578054612832271,,,,,,100,IP6_BEACON_20,115.1569976806641,-18.17477416992188,106.5536499023438,1443223692.553668,-0.015625,13.74577,LWBAND-42E2,1443223692.546544,1.03125,23,0.7416504986857954,0,0.5954608028311631,0,12.66156,LWBAND-3D1E,1443223692.469392,1,22,0.7408461055201925,0,0.5773502691896257,0,11.188,LWBAND-408D,1443223692.539875,1.015625,23,0.7356597838337291,0,0.5863713671457137,1443223693162,,,,,,,,,,,
1443223693166,0b8e2a5a88196455,item,IP6_BEACON_20,1443223692565,0.5773502691896257,0.7400434553516982,0.5773502691896257,1443223692.564961,,,,,,,,,,,,,,,100,IP6_BEACON_20,,,,,,,,,,,,,,0,12.66156,LWBAND-3D1E,1443223692.557854,1,22,0.7400434553516982,0,0.5773502691896257,,,,,,,,,,1443223693166,,,,,,,,,,,
1443223693168,4cbd1449d1f74731,item,IP6_BEACON_20,1443223692664,0.5811934555755928,0.7400747287209977,0.5819302030186169,1443223692.663987,0.015625,12.58407,LWBAND-39EC,1443223692.59357,1.015625,22,0.7448856153649045,-0.015625,0.5865101368476081,-0.00390625,-1.00396728515625,-0.0161285400390625,1443223692.62065,0.5797199606895447,100,IP6_BEACON_20,112.9496154785156,-19.27533721923828,106.6844177246094,1443223692.654043,,,,,,,,,,,,,,,,,,,0,11.188,LWBAND-408D,1443223692.629978,1,23,0.735263842077091,0,0.5773502691896257,1443223693168,,,,,,,,,,,
1443223693170,39a7f88ca62ce707,item,IP6_BEACON_20,1443223692764,0.5848839646262086,0.7457140997935926,0.5864407725237505,1443223692.763889,0,12.42905,LWBAND-39EC,1443223692.713739,1,22,0.7477395832398659,-0.015625,0.577420742216338,-0.000823974609375,-1.002166748046875,-0.01385498046875,1443223692.738216,0.5786567330360413,100,IP6_BEACON_20,138.6087188720703,7.557609558105469,109.0087432861328,1443223692.753097,0,12.894,LWBAND-42E2,1443223692.671296,1.03125,23,0.7493802625228936,-0.015625,0.5954608028311631,0,11.73117,LWBAND-3D1E,1443223692.677674,1.03125,22,0.7452919904960366,-0.015625,0.5954608028311631,-0.015625,10.64448,LWBAND-408D,1443223692.750252,1,23,0.7404445629155745,0,0.577420742216338,1443223693170,,,,,,,,,,,
1443223693173,d0ca430f0024355a,item,IP6_BEACON_20,1443223692765,0.5955291327186829,0.7420533506676996,0.5955291327186829,1443223692.765299,,,,,,,,,,,,,,,100,IP6_BEACON_20,,,,,-0.015625,13.59096,LWBAND-42E2,1443223692.756134,1.03125,23,0.7420533506676996,-0.015625,0.5955291327186829,,,,,,,,,,,,,,,,,,,1443223693173,,,,,,,,,,,
1443223693177,22b56eb4067fc560,item,IP6_BEACON_20,1443223692864,0.5794268227929418,0.7404608528698722,0.5797283919297835,1443223692.863747,0.015625,12.58407,LWBAND-39EC,1443223692.80372,0.96875,22,0.7448856153649045,-0.015625,0.5594535559365049,-0.00067138671875,-1.001388549804688,-0.015411376953125,1443223692.855778,0.578220546245575,100,IP6_BEACON_20,154.8647155761719,23.35336303710938,130.8952941894531,1443223692.853751,-0.015625,13.66837,LWBAND-42E2,1443223692.846757,1.03125,23,0.7416504986857954,-0.015625,0.5955291327186829,0.015625,12.58407,LWBAND-3D1E,1443223692.772309,1.015625,22,0.7400434553516982,-0.015625,0.5865101368476081,0.015625,11.11037,LWBAND-408D,1443223692.840797,1,23,0.735263842077091,0,0.577420742216338,1443223693177,,,,,,,,,,,
1443223693181,a15f7a3b315744f2,item,IP6_BEACON_20,1443223692865,0.5865101368476081,0.7404445629155745,0.5865101368476081,1443223692.864646,,,,,,,,,,,,,,,100,IP6_BEACON_20,,,,,,,,,,,,,,-0.015625,12.66156,LWBAND-3D1E,1443223692.857456,1.015625,22,0.7404445629155745,-0.015625,0.5865101368476081,,,,,,,,,,1443223693181,,,,,,,,,,,
1443223693183,909a2b56cd8e5dc2,item,IP6_BEACON_20,1443223692964,0.5723649212142843,0.7398769708290995,0.5684007627399292,1443223692.963694,0.015625,12.66156,LWBAND-39EC,1443223692.893803,0.984375,22,0.7448856153649045,0,0.5684007627399292,-0.0018768310546875,-1.0050048828125,-0.0135040283203125,1443223692.973322,0.5802932381629944,100,IP6_BEACON_20,158.7877044677734,25.85415649414062,126.7959136962891,1443223692.954093,,,,,,,,,,,,,,,,,,,0,11.188,LWBAND-408D,1443223692.930038,0.984375,23,0.7348683262932947,-0.015625,0.5684007627399292,1443223693183,,,,,,,,,,,
1443223694152,ccf58620d9cd7c69,item,IP6_BEACON_20,1443223693074,0.5812023340600174,0.745416696229221,0.581984437870165,1443223693.074084,0.03125,12.42905,LWBAND-39EC,1443223693.013649,0.984375,22,0.7469219347070721,0,0.5686154831767539,-0.0021209716796875,-1.001144409179688,-0.014617919921875,1443223693.090895,0.5780739188194275,100,IP6_BEACON_20,158.7877044677734,24.27967834472656,152.8118743896484,1443223693.054107,-0.015625,12.81653,LWBAND-42E2,1443223692.970388,1.015625,23,0.7502033050956809,0,0.586440756101302,0,11.6536,LWBAND-3D1E,1443223692.977645,1.015625,22,0.7456988092681414,-0.015625,0.586440756101302,-0.015625,10.64448,LWBAND-408D,1443223693.050001,1.015625,23,0.7388427358459897,0,0.586440756101302,1443223694152,0,0,-71.07504489838246,1443223693.047124,30,42.36778824128431,,,,,
1443223694155,07a4511fcbd0c17e,item,IP6_BEACON_20,1443223693075,0.5818960546810259,0.7414519121726504,0.5818960546810259,1443223693.075085,,,,,,,,,,,,,,,100,IP6_BEACON_20,,,,,-0.015625,13.66837,LWBAND-42E2,1443223693.056419,1,23,0.7428603689936024,0,0.577420742216338,0,12.58407,LWBAND-3D1E,1443223693.07189,1.015625,22,0.7400434553516982,0,0.5863713671457137,,,,,,,,,,1443223694155,,,,,,,,,,,
1443223694159,25496a0cd1202d94,item,IP6_BEACON_20,1443223693164,0.5776588121560537,0.7406637862764917,0.5774896342937306,1443223693.164039,0,12.58407,LWBAND-39EC,1443223693.103668,0.96875,22,0.7448856153649045,-0.015625,0.5593808193365828,-0.0010528564453125,-1.001602172851562,-0.0144195556640625,1443223693.208442,0.5783355236053467,100,IP6_BEACON_20,158.7877044677734,22.80107116699219,148.3337097167969,1443223693.153128,-0.03125,13.66837,LWBAND-42E2,1443223693.146178,1.03125,23,0.7424566405321928,0,0.5956657689789915,0,12.58407,LWBAND-3D1E,1443223693.158495,1,22,0.7404445629155745,-0.015625,0.577420742216338,0.015625,11.11037,LWBAND-408D,1443223693.140932,1,23,0.7348683262932947,0.015625,0.5774912066430102,1443223694159,,,,,,,,,,,
1443223694163,f091a9931242ff7b,item,IP6_BEACON_20,1443223693264,0.5729465437233319,0.7398769708290995,0.5729465437233319,1443223693.264266,0.015625,12.58407,LWBAND-39EC,1443223693.193725,1,22,0.7448856153649045,0,0.577420742216338,,,,,,100,IP6_BEACON_20,158.7877044677734,21.41252136230469,142.7732849121094,1443223693.254052,,,,,,,,,,,,,,,,,,,-0.015625,11.26561,LWBAND-408D,1443223693.230108,0.984375,23,0.7348683262932947,-0.015625,0.5684723452303257,1443223694163,,,,,,,,,,,
1443223694167,3a61004597bb5c87,item,IP6_BEACON_20,1443223693370,0.5829569437399529,0.7460287540102785,0.5841852250564872,1443223693.36982,0,12.42905,LWBAND-39EC,1443223693.313801,1,22,0.7473305353278091,-0.015625,0.577420742216338,-0.0015106201171875,-1.0010986328125,-0.014251708984375,1443223693.329977,0.5780438184738159,100,IP6_BEACON_20,158.7877044677734,20.10853576660156,138.3534393310547,1443223693.354837,-0.015625,12.73904,LWBAND-42E2,1443223693.269456,1.015625,23,0.7510281575476828,0,0.586440756101302,0.015625,11.6536,LWBAND-3D1E,1443223693.277669,1.03125,22,0.7465137806443907,-0.015625,0.5955291327186829,0,10.64448,LWBAND-408D,1443223693.350166,1,23,0.7392425425212311,0,0.5773502691896257,1443223694167,,,,,,,,,,,
1443223694169,9f844e60d53fc70e,item,IP6_BEACON_20,1443223693466,0.5815128743972464,0.7407622284074719,0.5819307491588199,1443223693.4656,0.015625,12.58407,LWBAND-39EC,1443223693.415771,1.015625,22,0.7448856153649045,0,0.586440756101302,-0.0007781982421875,-1.004180908203125,-0.0163726806640625,1443223693.431739,0.5798413753509521,100,IP6_BEACON_20,158.7877044677734,18.88395690917969,134.0108032226562,1443223693.454035,0,13.59096,LWBAND-42E2,1443223693.414657,1,23,0.7420533506676996,-0.015625,0.577420742216338,0,12.58407,LWBAND-3D1E,1443223693.415462,1.015625,22,0.7408461055201925,-0.015625,0.586440756101302,-0.015625,11.188,LWBAND-408D,1443223693.440084,1,23,0.735263842077091,0,0.577420742216338,1443223694169,,,,,,,77,25,1443223693.415105,798,798
1443223694172,df516f354f022dd0,item,IP6_BEACON_20,1443223693467,0.5910874157292378,0.741852362202948,0.5910874157292378,1443223693.467063,,,,,,,,,,,,,,,100,IP6_BEACON_20,,,,,-0.015625,13.59096,LWBAND-42E2,1443223693.44625,1.03125,23,0.7424566405321928,-0.03125,0.5957340753571737,0,12.58407,LWBAND-3D1E,1443223693.4575,1.015625,22,0.7412480838737032,-0.015625,0.586440756101302,,,,,,,,,,1443223694172,,,,,,,,,,,
1443223694175,189becd10dbf4050,item,IP6_BEACON_20,1443223693566,0.5779851997521406,0.7398826131456621,0.5774554497937687,1443223693.566216,0.015625,12.58407,LWBAND-39EC,1443223693.493683,1.015625,22,0.7452919904960366,-0.015625,0.5865101368476081,0.0000457763671875,-1.002792358398438,-0.01690673828125,1443223693.549291,0.5790446996688843,100,IP6_BEACON_20,158.7877044677734,17.73394775390625,128.7149658203125,1443223693.554052,,,,,,,,,,,,,,,,,,,0,11.188,LWBAND-408D,1443223693.530071,0.984375,23,0.7344732357952876,-0.015625,0.5684007627399292,1443223694175,,,,,,,,,,,
1443223694179,1174a644198dc3fb,item,IP6_BEACON_20,1443223693665,0.5830229839554356,0.7455177217037845,0.5842199425984083,1443223693.665323,0,12.42905,LWBAND-39EC,1443223693.613678,1,22,0.7481490791781134,-0.015625,0.577420742216338,0.0003814697265625,-1.001419067382812,-0.01507568359375,1443223693.666843,0.5782351493835449,100,IP6_BEACON_20,158.7877044677734,16.65397644042969,124.7070465087891,1443223693.653965,-0.015625,12.81653,LWBAND-42E2,1443223693.572258,1.03125,23,0.7493802625228936,-0.015625,0.5955291327186829,0.015625,11.6536,LWBAND-3D1E,1443223693.57761,1.03125,22,0.7456988092681414,-0.015625,0.5955291327186829,0,10.64448,LWBAND-408D,1443223693.650321,0.984375,23,0.7388427358459897,-0.015625,0.5684007627399292,1443223694179,,,,,,,,,,,
1443223694182,dc99f3ce2b44e1ce,item,IP6_BEACON_20,1443223693667,0.5865101368476081,0.7420533506676996,0.5865101368476081,1443223693.666598,,,,,,,,,,,,,,,100,IP6_BEACON_20,,,,,-0.015625,13.66837,LWBAND-42E2,1443223693.656333,1.015625,23,0.7420533506676996,-0.015625,0.5865101368476081,,,,,,,,,,,,,,,,,,,1443223694182,,,,,,,,,,,
1443223694184,f7c5519b849d57e2,item,IP6_BEACON_20,1443223693764,0.5814528204607742,0.7409659636982499,0.5820012511819324,1443223693.76363,0.03125,12.50656,LWBAND-39EC,1443223693.703823,1,22,0.7456988092681414,-0.015625,0.5777025483542547,-0.001434326171875,-1.003189086914062,-0.0152587890625,1443223693.784395,0.5792590975761414,100,IP6_BEACON_20,158.7877044677734,15.6397705078125,120.7378387451172,1443223693.754032,0,13.66837,LWBAND-42E2,1443223693.746207,1.015625,23,0.7424566405321928,-0.015625,0.586440756101302,-0.015625,12.66156,LWBAND-3D1E,1443223693.673343,1.046875,22,0.7404445629155745,0,0.6044808809355898,-0.015625,11.11037,LWBAND-408D,1443223693.739993,0.96875,23,0.735263842077091,0,0.5593808193365828,1443223694184,,,,,,,,,,,
1443223694188,34e9ec367a0828b9,item,IP6_BEACON_20,1443223693765,0.5863713671457137,0.7400434553516982,0.5863713671457137,1443223693.765434,,,,,,,,,,,,,,,100,IP6_BEACON_20,,,,,,,,,,,,,,0,12.58407,LWBAND-3D1E,1443223693.757479,1.015625,22,0.7400434553516982,0,0.5863713671457137,,,,,,,,,,1443223694188,,,,,,,,,,,
1443223694190,0b677b5238b3140c,item,IP6_BEACON_20,1443223693864,0.5803121283355929,0.7394764594723672,0.5818949870323504,1443223693.86387,0,12.58407,LWBAND-39EC,1443223693.793799,0.984375,22,0.7444796831494468,0,0.5683291712335379,-0.0011749267578125,-0.999542236328125,-0.0144195556640625,1443223693.901942,0.5771464109420776,100,IP6_BEACON_20,158.7877044677734,14.68733215332031,116.2749557495117,1443223693.854141,,,,,,,,,,,,,,,,,,,-0.015625,11.188,LWBAND-408D,1443223693.830056,1.03125,23,0.7344732357952876,0,0.5954608028311631,1443223694190,,,,,,,,,,,
1443223694193,4bb30f2a7889a14e,item,IP6_BEACON_20,1443223693964,0.5830983602700268,0.7457199390290223,0.5842562123757644,1443223693.964096,0.03125,12.42905,LWBAND-39EC,1443223693.918475,1,22,0.7477395832398659,-0.015625,0.5777025483542547,0.0019683837890625,-1.001815795898438,-0.0152740478515625,1443223694.007898,0.5784669518470764,100,IP6_BEACON_20,156.5585784912109,11.56376647949219,112.9962158203125,1443223693.955001,0,12.81653,LWBAND-42E2,1443223693.871629,1,23,0.7497915579468908,-0.015625,0.577420742216338,0.015625,11.6536,LWBAND-3D1E,1443223693.877461,1.03125,22,0.7461060724081021,0,0.5954608028311631,0,10.64448,LWBAND-408D,1443223693.949943,1.015625,23,0.7392425425212311,-0.015625,0.586440756101302,1443223694193,,,,,,,,,,,
1443223694195,97bed64c812f887b,item,IP6_BEACON_20,1443223693965,0.5867182298599558,0.7424566405321928,0.5867182298599558,1443223693.965193,,,,,,,,,,,,,,,100,IP6_BEACON_20,,,,,-0.03125,13.66837,LWBAND-42E2,1443223693.957533,1.015625,23,0.7424566405321928,-0.015625,0.5867182298599558,,,,,,,,,,,,,,,,,,,1443223694195,,,,,,,,,,,
